Interaction_ID,Timestamp,Customer_ID,Session_ID,Product_ID,Interaction_Type
I000001,2026-08-01 10:06:56,C0136,L1-00333,P025,View
I000002,2026-08-01 10:09:48,C0136,L1-00333,P023,View
I000003,2026-08-01 10:10:06,C0136,L1-00333,P023,Add_to_Cart
I000004,2026-08-01 10:10:28,C0136,L1-00333,P028,View
I000005,2026-08-01 10:13:13,C0136,L1-00333,P007,View
I000006,2026-08-01 10:24:19,C0130,L1-00322,P011,View
I000007,2026-08-01 10:24:49,C0130,L1-00322,P011,Add_to_Cart
I000008,2026-08-01 10:25:09,C0130,L1-00322,P033,View
I000009,2026-08-01 10:28:03,C0130,L1-00322,P025,View
I000010,2026-08-01 10:29:46,C0130,L1-00322,P018,View
I000011,2026-08-01 10:30:46,C0130,L1-00322,P007,View
I000012,2026-08-01 10:48:48,C0050,L1-00127,P032,View
I000013,2026-08-01 10:50:04,C0050,L1-00127,P032,Add_to_Cart
I000014,2026-08-01 10:52:33,C0050,L1-00127,P021,View
I000015,2026-08-01 10:54:42,C0050,L1-00127,P002,View
I000016,2026-08-01 10:55:15,C0050,L1-00127,P010,View
I000017,2026-08-01 10:55:31,C0050,L1-00127,P010,Add_to_Cart
I000018,2026-08-01 10:58:29,C0050,L1-00127,P001,View
I000019,2026-08-01 11:01:58,C0050,L1-00127,P009,View
I000020,2026-08-01 11:03:11,C0050,L1-00127,P030,View
I000021,2026-08-01 11:07:45,C0127,L1-00318,P016,View
I000022,2026-08-01 11:09:12,C0127,L1-00318,P017,View
I000023,2026-08-01 11:09:29,C0127,L1-00318,P016,Add_to_Cart
I000024,2026-08-01 11:09:55,C0127,L1-00318,P017,Add_to_Cart
I000025,2026-08-01 11:11:35,C0127,L1-00318,P011,View
I000026,2026-08-01 11:11:55,C0127,L1-00318,P011,Add_to_Cart
I000027,2026-08-01 11:15:30,C0127,L1-00318,P024,View
I000028,2026-08-01 11:16:57,C0127,L1-00318,P024,Add_to_Cart
I000029,2026-08-01 11:42:40,C0120,L1-00301,P002,View
I000030,2026-08-01 11:44:55,C0120,L1-00301,P020,View
I000031,2026-08-01 11:46:55,C0120,L1-00301,P009,View
I000032,2026-08-01 11:49:24,C0120,L1-00301,P029,View
I000033,2026-08-01 11:50:17,C0141,L1-00352,P033,View
I000034,2026-08-01 11:50:20,C0120,L1-00301,P029,Add_to_Cart
I000035,2026-08-01 11:52:19,C0120,L1-00301,P025,View
I000036,2026-08-01 11:52:35,C0141,L1-00352,P020,View
I000037,2026-08-01 11:54:29,C0141,L1-00352,P002,View
I000038,2026-08-01 11:54:46,C0120,L1-00301,P002,View
I000039,2026-08-01 11:55:12,C0141,L1-00352,P010,View
I000040,2026-08-01 11:55:33,C0141,L1-00352,P002,Add_to_Cart
I000041,2026-08-01 11:57:21,C0141,L1-00352,P017,View
I000042,2026-08-01 12:00:42,C0141,L1-00352,P011,View
I000043,2026-08-01 12:03:43,C0141,L1-00352,P025,View
I000044,2026-08-01 12:04:19,C0141,L1-00352,P025,Add_to_Cart
I000045,2026-08-01 12:19:10,C0185,L1-00455,P032,View
I000046,2026-08-01 12:20:25,C0185,L1-00455,P020,View
I000047,2026-08-01 12:21:07,C0185,L1-00455,P035,View
I000048,2026-08-01 12:25:05,C0185,L1-00455,P022,View
I000049,2026-08-01 12:28:30,C0185,L1-00455,P011,View
I000050,2026-08-01 12:29:16,C0185,L1-00455,P015,View
I000051,2026-08-01 12:30:14,C0185,L1-00455,P031,View
I000052,2026-08-01 12:32:05,C0185,L1-00455,P031,Add_to_Cart
I000053,2026-08-01 12:33:27,C0185,L1-00455,P003,View
I000054,2026-08-01 12:56:56,C0031,L1-00067,P026,View
I000055,2026-08-01 13:00:10,C0031,L1-00067,P032,View
I000056,2026-08-01 13:00:59,C0031,L1-00067,P031,View
I000057,2026-08-01 13:02:09,C0031,L1-00067,P031,Add_to_Cart
I000058,2026-08-01 13:02:32,C0031,L1-00067,P028,View
I000059,2026-08-01 13:03:30,C0031,L1-00067,P016,View
I000060,2026-08-01 13:03:32,C0031,L1-00067,P028,Add_to_Cart
I000061,2026-08-01 13:04:13,C0031,L1-00067,P016,Add_to_Cart
I000062,2026-08-01 13:05:53,C0031,L1-00067,P007,View
I000063,2026-08-01 13:07:23,C0031,L1-00067,P024,View
I000064,2026-08-01 13:11:03,C0031,L1-00067,P024,View
I000065,2026-08-01 13:33:45,C0159,L1-00389,P013,View
I000066,2026-08-01 13:34:38,C0159,L1-00389,P026,View
I000067,2026-08-01 13:34:58,C0001,L1-00001,P020,View
I000068,2026-08-01 13:35:52,C0159,L1-00389,P006,View
I000069,2026-08-01 13:36:28,C0159,L1-00389,P001,View
I000070,2026-08-01 13:36:52,C0001,L1-00001,P034,View
I000071,2026-08-01 13:37:04,C0159,L1-00389,P032,View
I000072,2026-08-01 13:37:19,C0159,L1-00389,P006,Add_to_Cart
I000073,2026-08-01 13:37:29,C0001,L1-00001,P020,View
I000074,2026-08-01 13:38:19,C0001,L1-00001,P020,Add_to_Cart
I000075,2026-08-01 13:38:40,C0159,L1-00389,P032,Add_to_Cart
I000076,2026-08-01 15:07:49,C0157,L1-00386,P028,View
I000077,2026-08-01 15:09:49,C0157,L1-00386,P036,View
I000078,2026-08-01 15:12:15,C0157,L1-00386,P005,View
I000079,2026-08-01 15:13:23,C0157,L1-00386,P005,Add_to_Cart
I000080,2026-08-01 15:15:53,C0157,L1-00386,P034,View
I000081,2026-08-01 15:17:32,C0157,L1-00386,P034,Add_to_Cart
I000082,2026-08-01 15:46:00,C0147,L1-00371,P011,View
I000083,2026-08-01 15:47:48,C0147,L1-00371,P011,View
I000084,2026-08-01 15:48:09,C0147,L1-00371,P031,View
I000085,2026-08-01 15:49:36,C0147,L1-00371,P011,Add_to_Cart
I000086,2026-08-01 15:50:23,C0147,L1-00371,P033,View
I000087,2026-08-01 15:51:06,C0147,L1-00371,P015,View
I000088,2026-08-01 15:51:27,C0147,L1-00371,P033,Add_to_Cart
I000089,2026-08-01 15:51:40,C0147,L1-00371,P015,Add_to_Cart
I000090,2026-08-01 15:54:13,C0147,L1-00371,P014,View
I000091,2026-08-01 15:55:34,C0147,L1-00371,P014,Add_to_Cart
I000092,2026-08-01 16:13:19,C0161,L1-00396,P023,View
I000093,2026-08-01 16:14:31,C0161,L1-00396,P023,Add_to_Cart
I000094,2026-08-01 16:16:29,C0161,L1-00396,P016,View
I000095,2026-08-01 16:17:21,C0161,L1-00396,P016,Add_to_Cart
I000096,2026-08-01 16:19:40,C0161,L1-00396,P033,View
I000097,2026-08-01 16:20:14,C0161,L1-00396,P030,View
I000098,2026-08-01 16:22:56,C0161,L1-00396,P026,View
I000099,2026-08-01 16:24:55,C0161,L1-00396,P020,View
I000100,2026-08-01 16:33:03,C0050,L1-00126,P004,View
I000101,2026-08-01 16:34:21,C0050,L1-00126,P004,Add_to_Cart
I000102,2026-08-01 16:36:45,C0050,L1-00126,P013,View
I000103,2026-08-01 16:40:39,C0050,L1-00126,P027,View
I000104,2026-08-01 16:41:02,C0050,L1-00126,P027,Add_to_Cart
I000105,2026-08-01 16:44:29,C0050,L1-00126,P034,View
I000106,2026-08-01 16:46:30,C0050,L1-00126,P007,View
I000107,2026-08-01 16:47:21,C0050,L1-00126,P007,Add_to_Cart
I000108,2026-08-01 16:47:34,C0050,L1-00126,P009,View
I000109,2026-08-01 16:50:13,C0050,L1-00126,P013,View
I000110,2026-08-01 17:22:19,C0037,L1-00081,P024,View
I000111,2026-08-01 17:23:39,C0161,L1-00395,P022,View
I000112,2026-08-01 17:23:40,C0037,L1-00081,P031,View
I000113,2026-08-01 17:23:55,C0161,L1-00395,P022,Add_to_Cart
I000114,2026-08-01 17:24:08,C0037,L1-00081,P020,View
I000115,2026-08-01 17:25:27,C0037,L1-00081,P031,Add_to_Cart
I000116,2026-08-01 17:25:53,C0161,L1-00395,P017,View
I000117,2026-08-01 17:25:54,C0037,L1-00081,P025,View
I000118,2026-08-01 17:26:16,C0161,L1-00395,P015,View
I000119,2026-08-01 17:28:46,C0037,L1-00081,P017,View
I000120,2026-08-01 17:30:15,C0161,L1-00395,P015,View
I000121,2026-08-01 17:31:29,C0161,L1-00395,P015,Add_to_Cart
I000122,2026-08-01 17:32:08,C0037,L1-00081,P017,View
I000123,2026-08-01 17:33:41,C0037,L1-00081,P017,Add_to_Cart
I000124,2026-08-01 17:34:20,C0037,L1-00081,P025,View
I000125,2026-08-01 17:36:07,C0037,L1-00081,P006,View
I000126,2026-08-01 17:44:22,C0074,L1-00193,P015,View
I000127,2026-08-01 17:46:08,C0074,L1-00193,P023,View
I000128,2026-08-01 17:48:27,C0074,L1-00193,P031,View
I000129,2026-08-01 17:49:14,C0074,L1-00193,P015,View
I000130,2026-08-01 17:49:51,C0074,L1-00193,P031,Add_to_Cart
I000131,2026-08-01 17:52:28,C0074,L1-00193,P021,View
I000132,2026-08-01 17:53:05,C0074,L1-00193,P021,Add_to_Cart
I000133,2026-08-01 18:17:35,C0034,L1-00072,P010,View
I000134,2026-08-01 18:21:00,C0034,L1-00072,P013,View
I000135,2026-08-01 18:22:39,C0034,L1-00072,P034,View
I000136,2026-08-01 18:23:35,C0034,L1-00072,P034,Add_to_Cart
I000137,2026-08-01 18:24:27,C0037,L1-00083,P011,View
I000138,2026-08-01 18:25:37,C0037,L1-00083,P033,View
I000139,2026-08-01 18:26:42,C0037,L1-00083,P033,Add_to_Cart
I000140,2026-08-01 18:28:32,C0037,L1-00083,P026,View
I000141,2026-08-01 18:28:57,C0037,L1-00083,P026,Add_to_Cart
I000142,2026-08-01 18:30:10,C0037,L1-00083,P010,View
I000143,2026-08-01 18:31:19,C0037,L1-00083,P024,View
I000144,2026-08-01 19:41:49,C0029,L1-00064,P018,View
I000145,2026-08-01 19:42:14,C0029,L1-00064,P034,View
I000146,2026-08-01 19:42:44,C0029,L1-00064,P028,View
I000147,2026-08-01 19:43:10,C0029,L1-00064,P018,Add_to_Cart
I000148,2026-08-01 19:44:07,C0029,L1-00064,P034,Add_to_Cart
I000149,2026-08-01 23:41:12,C0096,L1-00238,P013,View
I000150,2026-08-01 23:41:35,C0096,L1-00238,P013,Add_to_Cart
I000151,2026-08-01 23:41:48,C0096,L1-00238,P015,View
I000152,2026-08-01 23:42:21,C0096,L1-00238,P030,View
I000153,2026-08-01 23:43:38,C0096,L1-00238,P030,Add_to_Cart
I000154,2026-08-01 23:43:38,C0096,L1-00238,P020,View
I000155,2026-08-01 23:45:18,C0096,L1-00238,P007,View
I000156,2026-08-01 23:48:15,C0096,L1-00238,P028,View
I000157,2026-08-01 23:49:21,C0096,L1-00238,P028,Add_to_Cart
I000158,2026-08-02 08:31:56,C0059,L1-00144,P009,View
I000159,2026-08-02 08:32:46,C0059,L1-00144,P005,View
I000160,2026-08-02 08:33:28,C0059,L1-00144,P005,Add_to_Cart
I000161,2026-08-02 08:35:41,C0059,L1-00144,P026,View
I000162,2026-08-02 08:37:29,C0059,L1-00144,P019,View
I000163,2026-08-02 08:38:33,C0059,L1-00144,P025,View
I000164,2026-08-02 08:39:26,C0059,L1-00144,P025,View
I000165,2026-08-02 08:40:25,C0059,L1-00144,P025,Add_to_Cart
I000166,2026-08-02 12:22:07,C0194,L1-00470,P017,View
I000167,2026-08-02 12:24:25,C0194,L1-00470,P011,View
I000168,2026-08-02 12:27:11,C0098,L1-00244,P036,View
I000169,2026-08-02 12:27:48,C0194,L1-00470,P017,View
I000170,2026-08-02 12:30:04,C0194,L1-00470,P026,View
I000171,2026-08-02 12:30:11,C0098,L1-00244,P027,View
I000172,2026-08-02 12:31:11,C0098,L1-00244,P027,Add_to_Cart
I000173,2026-08-02 12:31:59,C0098,L1-00244,P013,View
I000174,2026-08-02 12:32:55,C0194,L1-00470,P030,View
I000175,2026-08-02 12:35:02,C0098,L1-00244,P013,View
I000176,2026-08-02 12:37:44,C0098,L1-00244,P034,View
I000177,2026-08-02 12:40:13,C0098,L1-00244,P004,View
I000178,2026-08-02 12:40:28,C0098,L1-00244,P004,Add_to_Cart
I000179,2026-08-02 12:42:02,C0098,L1-00244,P009,View
I000180,2026-08-02 12:44:29,C0098,L1-00244,P031,View
I000181,2026-08-02 12:49:28,C0103,L1-00252,P001,View
I000182,2026-08-02 12:51:23,C0103,L1-00252,P001,Add_to_Cart
I000183,2026-08-02 12:52:23,C0103,L1-00252,P013,View
I000184,2026-08-02 12:53:18,C0103,L1-00252,P010,View
I000185,2026-08-02 12:55:39,C0103,L1-00252,P011,View
I000186,2026-08-02 12:59:20,C0103,L1-00252,P018,View
I000187,2026-08-02 13:01:02,C0103,L1-00252,P018,Add_to_Cart
I000188,2026-08-02 14:35:21,C0045,L1-00102,P002,View
I000189,2026-08-02 14:36:03,C0045,L1-00102,P025,View
I000190,2026-08-02 14:36:36,C0157,L1-00387,P017,View
I000191,2026-08-02 14:37:43,C0157,L1-00387,P001,View
I000192,2026-08-02 14:37:55,C0022,L1-00047,P022,View
I000193,2026-08-02 14:38:27,C0157,L1-00387,P001,View
I000194,2026-08-02 14:39:16,C0157,L1-00387,P023,View
I000195,2026-08-02 14:39:31,C0045,L1-00102,P032,View
I000196,2026-08-02 14:39:43,C0022,L1-00047,P022,Add_to_Cart
I000197,2026-08-02 14:39:57,C0022,L1-00047,P015,View
I000198,2026-08-02 14:40:52,C0045,L1-00102,P032,Add_to_Cart
I000199,2026-08-02 14:41:01,C0022,L1-00047,P010,View
I000200,2026-08-02 14:41:25,C0045,L1-00102,P015,View
I000201,2026-08-02 14:41:35,C0157,L1-00387,P020,View
I000202,2026-08-02 14:41:59,C0022,L1-00047,P007,View
I000203,2026-08-02 14:42:34,C0045,L1-00102,P026,View
I000204,2026-08-02 14:45:06,C0045,L1-00102,P034,View
I000205,2026-08-02 14:45:30,C0022,L1-00047,P025,View
I000206,2026-08-02 14:46:22,C0045,L1-00102,P034,Add_to_Cart
I000207,2026-08-02 14:46:30,C0045,L1-00102,P026,View
I000208,2026-08-02 14:50:09,C0045,L1-00102,P033,View
I000209,2026-08-02 15:15:22,C0005,L1-00007,P009,View
I000210,2026-08-02 15:16:18,C0005,L1-00007,P009,Add_to_Cart
I000211,2026-08-02 15:19:09,C0005,L1-00007,P036,View
I000212,2026-08-02 15:19:38,C0005,L1-00007,P032,View
I000213,2026-08-02 15:19:54,C0005,L1-00007,P036,Add_to_Cart
I000214,2026-08-02 15:20:57,C0005,L1-00007,P032,Add_to_Cart
I000215,2026-08-02 15:25:17,C0103,L1-00251,P014,View
I000216,2026-08-02 15:26:51,C0103,L1-00251,P014,Add_to_Cart
I000217,2026-08-02 15:28:57,C0103,L1-00251,P026,View
I000218,2026-08-02 15:31:45,C0103,L1-00251,P024,View
I000219,2026-08-02 15:33:19,C0103,L1-00251,P021,View
I000220,2026-08-02 15:33:48,C0103,L1-00251,P033,View
I000221,2026-08-02 15:34:24,C0103,L1-00251,P025,View
I000222,2026-08-02 15:34:37,C0103,L1-00251,P021,Add_to_Cart
I000223,2026-08-02 15:34:47,C0103,L1-00251,P035,View
I000224,2026-08-02 15:35:49,C0103,L1-00251,P013,View
I000225,2026-08-02 15:36:21,C0103,L1-00251,P013,Add_to_Cart
I000226,2026-08-02 15:42:03,C0164,L1-00406,P008,View
I000227,2026-08-02 15:42:45,C0164,L1-00406,P015,View
I000228,2026-08-02 15:44:35,C0164,L1-00406,P026,View
I000229,2026-08-02 15:48:22,C0164,L1-00406,P009,View
I000230,2026-08-02 15:49:19,C0164,L1-00406,P015,View
I000231,2026-08-02 15:50:59,C0164,L1-00406,P015,Add_to_Cart
I000232,2026-08-02 15:54:26,C0192,L1-00466,P014,View
I000233,2026-08-02 15:55:21,C0192,L1-00466,P006,View
I000234,2026-08-02 15:55:24,C0192,L1-00466,P014,Add_to_Cart
I000235,2026-08-02 15:58:51,C0192,L1-00466,P005,View
I000236,2026-08-02 16:02:46,C0192,L1-00466,P013,View
I000237,2026-08-02 16:30:31,C0018,L1-00041,P035,View
I000238,2026-08-02 16:31:27,C0018,L1-00041,P013,View
I000239,2026-08-02 16:31:48,C0018,L1-00041,P014,View
I000240,2026-08-02 16:32:08,C0018,L1-00041,P013,Add_to_Cart
I000241,2026-08-02 16:32:55,C0018,L1-00041,P018,View
I000242,2026-08-02 16:35:35,C0018,L1-00041,P010,View
I000243,2026-08-02 16:42:48,C0085,L1-00220,P017,View
I000244,2026-08-02 16:45:25,C0085,L1-00220,P025,View
I000245,2026-08-02 16:46:42,C0085,L1-00220,P033,View
I000246,2026-08-02 16:47:38,C0085,L1-00220,P033,Add_to_Cart
I000247,2026-08-02 17:00:22,C0039,L1-00088,P017,View
I000248,2026-08-02 17:03:01,C0039,L1-00088,P017,View
I000249,2026-08-02 17:06:33,C0039,L1-00088,P016,View
I000250,2026-08-02 17:07:10,C0039,L1-00088,P016,Add_to_Cart
I000251,2026-08-02 17:28:30,C0085,L1-00218,P029,View
I000252,2026-08-02 17:28:58,C0085,L1-00218,P029,Add_to_Cart
I000253,2026-08-02 17:30:17,C0085,L1-00218,P023,View
I000254,2026-08-02 17:33:43,C0085,L1-00218,P020,View
I000255,2026-08-02 17:34:15,C0085,L1-00218,P020,Add_to_Cart
I000256,2026-08-02 17:36:09,C0023,L1-00055,P030,View
I000257,2026-08-02 17:38:57,C0023,L1-00055,P020,View
I000258,2026-08-02 17:41:27,C0023,L1-00055,P014,View
I000259,2026-08-02 17:43:13,C0023,L1-00055,P014,Add_to_Cart
I000260,2026-08-02 17:43:41,C0023,L1-00055,P017,View
I000261,2026-08-02 17:45:32,C0023,L1-00055,P017,Add_to_Cart
I000262,2026-08-02 17:46:49,C0078,L1-00206,P031,View
I000263,2026-08-02 17:47:06,C0023,L1-00055,P021,View
I000264,2026-08-02 17:49:48,C0078,L1-00206,P023,View
I000265,2026-08-02 17:52:44,C0078,L1-00206,P017,View
I000266,2026-08-02 17:53:49,C0078,L1-00206,P003,View
I000267,2026-08-02 17:54:28,C0078,L1-00206,P017,Add_to_Cart
I000268,2026-08-02 17:55:53,C0078,L1-00206,P009,View
I000269,2026-08-02 17:56:44,C0078,L1-00206,P009,Add_to_Cart
I000270,2026-08-02 17:59:36,C0078,L1-00206,P032,View
I000271,2026-08-02 18:01:07,C0078,L1-00206,P032,Add_to_Cart
I000272,2026-08-02 18:01:54,C0078,L1-00206,P022,View
I000273,2026-08-02 18:02:25,C0078,L1-00206,P015,View
I000274,2026-08-02 18:02:33,C0078,L1-00206,P022,Add_to_Cart
I000275,2026-08-02 23:45:32,C0130,L1-00321,P026,View
I000276,2026-08-02 23:48:21,C0130,L1-00321,P017,View
I000277,2026-08-02 23:49:45,C0130,L1-00321,P033,View
I000278,2026-08-02 23:51:39,C0130,L1-00321,P033,Add_to_Cart
I000279,2026-08-02 23:53:41,C0130,L1-00321,P017,View
I000280,2026-08-03 08:07:42,C0121,L1-00305,P002,View
I000281,2026-08-03 08:08:28,C0121,L1-00305,P002,Add_to_Cart
I000282,2026-08-03 08:09:56,C0121,L1-00305,P004,View
I000283,2026-08-03 08:10:33,C0121,L1-00305,P004,Add_to_Cart
I000284,2026-08-03 08:11:38,C0183,L1-00445,P025,View
I000285,2026-08-03 08:12:01,C0121,L1-00305,P016,View
I000286,2026-08-03 08:13:40,C0121,L1-00305,P006,View
I000287,2026-08-03 08:13:47,C0142,L1-00359,P020,View
I000288,2026-08-03 08:14:21,C0121,L1-00305,P013,View
I000289,2026-08-03 08:14:26,C0183,L1-00445,P008,View
I000290,2026-08-03 08:15:12,C0121,L1-00305,P013,Add_to_Cart
I000291,2026-08-03 08:15:38,C0183,L1-00445,P034,View
I000292,2026-08-03 08:16:19,C0142,L1-00359,P025,View
I000293,2026-08-03 08:16:26,C0121,L1-00305,P014,View
I000294,2026-08-03 08:17:15,C0183,L1-00445,P034,Add_to_Cart
I000295,2026-08-03 08:18:05,C0183,L1-00445,P021,View
I000296,2026-08-03 08:18:53,C0142,L1-00359,P029,View
I000297,2026-08-03 08:20:20,C0142,L1-00359,P036,View
I000298,2026-08-03 08:21:13,C0183,L1-00445,P032,View
I000299,2026-08-03 08:24:00,C0142,L1-00359,P033,View
I000300,2026-08-03 08:24:06,C0183,L1-00445,P008,View
I000301,2026-08-03 08:24:30,C0183,L1-00445,P008,Add_to_Cart
I000302,2026-08-03 08:27:50,C0142,L1-00359,P034,View
I000303,2026-08-03 08:31:46,C0142,L1-00359,P014,View
I000304,2026-08-03 08:32:11,C0142,L1-00359,P014,Add_to_Cart
I000305,2026-08-03 08:32:26,C0142,L1-00359,P016,View
I000306,2026-08-03 08:33:07,C0142,L1-00359,P016,Add_to_Cart
I000307,2026-08-03 08:52:08,C0003,L1-00005,P025,View
I000308,2026-08-03 08:55:34,C0003,L1-00005,P022,View
I000309,2026-08-03 08:58:33,C0003,L1-00005,P020,View
I000310,2026-08-03 09:12:33,C0094,L1-00235,P023,View
I000311,2026-08-03 09:15:23,C0094,L1-00235,P006,View
I000312,2026-08-03 09:18:31,C0094,L1-00235,P013,View
I000313,2026-08-03 09:20:29,C0094,L1-00235,P011,View
I000314,2026-08-03 09:22:25,C0094,L1-00235,P011,Add_to_Cart
I000315,2026-08-03 10:32:14,C0145,L1-00366,P011,View
I000316,2026-08-03 10:34:16,C0145,L1-00366,P004,View
I000317,2026-08-03 10:35:53,C0145,L1-00366,P028,View
I000318,2026-08-03 12:37:34,C0200,L1-00488,P008,View
I000319,2026-08-03 12:38:29,C0200,L1-00488,P005,View
I000320,2026-08-03 12:38:53,C0200,L1-00488,P008,Add_to_Cart
I000321,2026-08-03 12:38:57,C0200,L1-00488,P005,Add_to_Cart
I000322,2026-08-03 12:39:15,C0200,L1-00488,P033,View
I000323,2026-08-03 12:39:40,C0072,L1-00187,P025,View
I000324,2026-08-03 12:41:08,C0200,L1-00488,P033,Add_to_Cart
I000325,2026-08-03 12:41:46,C0072,L1-00187,P017,View
I000326,2026-08-03 12:42:47,C0072,L1-00187,P028,View
I000327,2026-08-03 12:45:18,C0072,L1-00187,P008,View
I000328,2026-08-03 13:19:07,C0106,L1-00262,P010,View
I000329,2026-08-03 13:22:02,C0106,L1-00262,P017,View
I000330,2026-08-03 13:22:47,C0106,L1-00262,P017,Add_to_Cart
I000331,2026-08-03 13:24:05,C0106,L1-00262,P006,View
I000332,2026-08-03 13:26:35,C0106,L1-00262,P030,View
I000333,2026-08-03 13:26:59,C0106,L1-00262,P030,Add_to_Cart
I000334,2026-08-03 14:12:23,C0066,L1-00174,P024,View
I000335,2026-08-03 14:13:32,C0066,L1-00174,P032,View
I000336,2026-08-03 14:15:48,C0066,L1-00174,P030,View
I000337,2026-08-03 14:18:13,C0066,L1-00174,P033,View
I000338,2026-08-03 14:18:40,C0066,L1-00174,P018,View
I000339,2026-08-03 14:20:03,C0066,L1-00174,P033,Add_to_Cart
I000340,2026-08-03 14:22:21,C0066,L1-00174,P028,View
I000341,2026-08-03 15:13:41,C0079,L1-00211,P028,View
I000342,2026-08-03 15:16:15,C0079,L1-00211,P031,View
I000343,2026-08-03 15:16:58,C0079,L1-00211,P031,Add_to_Cart
I000344,2026-08-03 15:18:21,C0079,L1-00211,P020,View
I000345,2026-08-03 15:21:45,C0079,L1-00211,P015,View
I000346,2026-08-03 15:23:16,C0079,L1-00211,P033,View
I000347,2026-08-03 15:23:48,C0079,L1-00211,P033,Add_to_Cart
I000348,2026-08-03 15:25:32,C0079,L1-00211,P023,View
I000349,2026-08-03 15:26:44,C0079,L1-00211,P023,Add_to_Cart
I000350,2026-08-03 16:10:02,C0040,L1-00089,P021,View
I000351,2026-08-03 16:10:27,C0040,L1-00089,P008,View
I000352,2026-08-03 16:10:49,C0040,L1-00089,P032,View
I000353,2026-08-03 16:42:26,C0173,L1-00426,P018,View
I000354,2026-08-03 16:45:07,C0173,L1-00426,P025,View
I000355,2026-08-03 16:47:43,C0173,L1-00426,P010,View
I000356,2026-08-03 16:49:42,C0173,L1-00426,P024,View
I000357,2026-08-03 16:50:50,C0173,L1-00426,P014,View
I000358,2026-08-03 16:57:05,C0136,L1-00334,P002,View
I000359,2026-08-03 16:59:55,C0136,L1-00334,P006,View
I000360,2026-08-03 17:01:11,C0136,L1-00334,P006,Add_to_Cart
I000361,2026-08-03 17:03:40,C0136,L1-00334,P034,View
I000362,2026-08-03 17:04:42,C0136,L1-00334,P010,View
I000363,2026-08-03 17:05:35,C0136,L1-00334,P013,View
I000364,2026-08-03 17:08:06,C0136,L1-00334,P013,View
I000365,2026-08-03 17:32:39,C0195,L1-00476,P006,View
I000366,2026-08-03 17:33:20,C0195,L1-00476,P027,View
I000367,2026-08-03 17:36:21,C0023,L1-00051,P013,View
I000368,2026-08-03 17:37:11,C0195,L1-00476,P006,View
I000369,2026-08-03 17:37:28,C0023,L1-00051,P013,Add_to_Cart
I000370,2026-08-03 17:38:25,C0023,L1-00051,P008,View
I000371,2026-08-03 17:39:23,C0195,L1-00476,P018,View
I000372,2026-08-03 17:40:52,C0195,L1-00476,P008,View
I000373,2026-08-03 17:41:17,C0195,L1-00476,P023,View
I000374,2026-08-03 17:41:49,C0195,L1-00476,P023,Add_to_Cart
I000375,2026-08-03 17:41:52,C0195,L1-00476,P027,View
I000376,2026-08-03 17:42:08,C0023,L1-00051,P011,View
I000377,2026-08-03 17:42:28,C0023,L1-00051,P001,View
I000378,2026-08-03 17:44:21,C0023,L1-00051,P016,View
I000379,2026-08-03 17:44:22,C0023,L1-00051,P001,Add_to_Cart
I000380,2026-08-03 17:47:03,C0023,L1-00051,P023,View
I000381,2026-08-03 17:48:30,C0023,L1-00051,P026,View
I000382,2026-08-03 17:48:47,C0023,L1-00051,P026,Add_to_Cart
I000383,2026-08-03 17:51:00,C0023,L1-00051,P010,View
I000384,2026-08-03 18:03:58,C0111,L1-00279,P017,View
I000385,2026-08-03 18:06:25,C0111,L1-00279,P007,View
I000386,2026-08-03 18:09:12,C0111,L1-00279,P032,View
I000387,2026-08-03 18:09:46,C0111,L1-00279,P032,View
I000388,2026-08-03 18:11:45,C0111,L1-00279,P032,Add_to_Cart
I000389,2026-08-03 18:12:22,C0111,L1-00279,P020,View
I000390,2026-08-03 18:13:07,C0111,L1-00279,P013,View
I000391,2026-08-03 18:14:38,C0111,L1-00279,P009,View
I000392,2026-08-03 18:16:00,C0111,L1-00279,P009,Add_to_Cart
I000393,2026-08-03 18:24:10,C0163,L1-00404,P017,View
I000394,2026-08-03 18:24:47,C0163,L1-00404,P034,View
I000395,2026-08-03 18:26:02,C0163,L1-00404,P034,Add_to_Cart
I000396,2026-08-03 18:28:26,C0163,L1-00404,P016,View
I000397,2026-08-03 18:31:59,C0163,L1-00404,P011,View
I000398,2026-08-03 18:33:32,C0163,L1-00404,P011,Add_to_Cart
I000399,2026-08-04 08:37:29,C0153,L1-00385,P031,View
I000400,2026-08-04 08:38:09,C0153,L1-00385,P031,Add_to_Cart
I000401,2026-08-04 08:40:26,C0153,L1-00385,P017,View
I000402,2026-08-04 08:41:33,C0153,L1-00385,P019,View
I000403,2026-08-04 08:42:13,C0153,L1-00385,P017,Add_to_Cart
I000404,2026-08-04 08:42:18,C0153,L1-00385,P019,Add_to_Cart
I000405,2026-08-04 09:40:46,C0151,L1-00380,P002,View
I000406,2026-08-04 09:43:04,C0151,L1-00380,P012,View
I000407,2026-08-04 09:44:07,C0151,L1-00380,P012,Add_to_Cart
I000408,2026-08-04 09:46:50,C0151,L1-00380,P033,View
I000409,2026-08-04 10:45:28,C0052,L1-00134,P025,View
I000410,2026-08-04 10:46:08,C0052,L1-00134,P017,View
I000411,2026-08-04 10:46:47,C0052,L1-00134,P017,Add_to_Cart
I000412,2026-08-04 10:49:34,C0052,L1-00134,P020,View
I000413,2026-08-04 10:49:54,C0052,L1-00134,P020,Add_to_Cart
I000414,2026-08-04 11:36:27,C0111,L1-00274,P001,View
I000415,2026-08-04 11:36:51,C0111,L1-00274,P001,Add_to_Cart
I000416,2026-08-04 11:37:49,C0111,L1-00274,P026,View
I000417,2026-08-04 11:41:03,C0111,L1-00274,P004,View
I000418,2026-08-04 11:42:13,C0111,L1-00274,P004,Add_to_Cart
I000419,2026-08-04 11:43:37,C0111,L1-00274,P014,View
I000420,2026-08-04 11:45:45,C0111,L1-00274,P031,View
I000421,2026-08-04 11:47:27,C0111,L1-00274,P031,Add_to_Cart
I000422,2026-08-04 13:09:29,C0138,L1-00341,P031,View
I000423,2026-08-04 13:12:42,C0138,L1-00341,P018,View
I000424,2026-08-04 13:13:09,C0138,L1-00341,P028,View
I000425,2026-08-04 13:15:06,C0138,L1-00341,P028,Add_to_Cart
I000426,2026-08-04 13:16:22,C0138,L1-00341,P015,View
I000427,2026-08-04 13:20:14,C0138,L1-00341,P019,View
I000428,2026-08-04 13:22:20,C0138,L1-00341,P025,View
I000429,2026-08-04 13:22:42,C0138,L1-00341,P025,Add_to_Cart
I000430,2026-08-04 13:37:36,C0147,L1-00369,P036,View
I000431,2026-08-04 13:37:52,C0147,L1-00369,P036,Add_to_Cart
I000432,2026-08-04 13:38:03,C0147,L1-00369,P034,View
I000433,2026-08-04 13:38:33,C0147,L1-00369,P014,View
I000434,2026-08-04 13:38:55,C0147,L1-00369,P014,Add_to_Cart
I000435,2026-08-04 13:41:23,C0147,L1-00369,P012,View
I000436,2026-08-04 13:44:27,C0147,L1-00369,P028,View
I000437,2026-08-04 13:45:31,C0147,L1-00369,P028,Add_to_Cart
I000438,2026-08-04 13:48:23,C0126,L1-00317,P015,View
I000439,2026-08-04 13:51:23,C0019,L1-00042,P030,View
I000440,2026-08-04 13:51:40,C0126,L1-00317,P015,View
I000441,2026-08-04 13:55:14,C0126,L1-00317,P011,View
I000442,2026-08-04 13:55:14,C0019,L1-00042,P033,View
I000443,2026-08-04 13:55:37,C0019,L1-00042,P033,Add_to_Cart
I000444,2026-08-04 13:55:56,C0126,L1-00317,P011,Add_to_Cart
I000445,2026-08-04 13:56:02,C0019,L1-00042,P016,View
I000446,2026-08-04 13:56:43,C0019,L1-00042,P016,Add_to_Cart
I000447,2026-08-04 13:58:16,C0126,L1-00317,P023,View
I000448,2026-08-04 13:59:46,C0019,L1-00042,P028,View
I000449,2026-08-04 15:50:04,C0100,L1-00245,P022,View
I000450,2026-08-04 15:52:06,C0100,L1-00245,P024,View
I000451,2026-08-04 15:55:07,C0100,L1-00245,P017,View
I000452,2026-08-04 15:59:05,C0100,L1-00245,P009,View
I000453,2026-08-04 15:59:36,C0100,L1-00245,P009,Add_to_Cart
I000454,2026-08-04 16:09:52,C0064,L1-00163,P028,View
I000455,2026-08-04 16:10:15,C0064,L1-00163,P026,View
I000456,2026-08-04 16:12:51,C0064,L1-00163,P016,View
I000457,2026-08-04 16:14:23,C0064,L1-00163,P031,View
I000458,2026-08-04 16:16:58,C0064,L1-00163,P033,View
I000459,2026-08-04 16:17:34,C0064,L1-00163,P033,Add_to_Cart
I000460,2026-08-04 16:17:36,C0034,L1-00073,P022,View
I000461,2026-08-04 16:20:32,C0064,L1-00163,P011,View
I000462,2026-08-04 16:20:53,C0034,L1-00073,P008,View
I000463,2026-08-04 16:21:18,C0034,L1-00073,P033,View
I000464,2026-08-04 16:23:16,C0034,L1-00073,P033,Add_to_Cart
I000465,2026-08-04 18:16:13,C0111,L1-00276,P017,View
I000466,2026-08-04 18:20:09,C0111,L1-00276,P015,View
I000467,2026-08-04 18:21:08,C0111,L1-00276,P008,View
I000468,2026-08-04 18:24:01,C0111,L1-00276,P010,View
I000469,2026-08-04 18:24:26,C0111,L1-00276,P031,View
I000470,2026-08-05 08:20:22,C0192,L1-00465,P030,View
I000471,2026-08-05 08:22:56,C0192,L1-00465,P020,View
I000472,2026-08-05 08:24:35,C0192,L1-00465,P009,View
I000473,2026-08-05 08:25:34,C0192,L1-00465,P020,View
I000474,2026-08-05 08:25:37,C0192,L1-00465,P009,Add_to_Cart
I000475,2026-08-05 08:26:16,C0192,L1-00465,P020,View
I000476,2026-08-05 08:26:40,C0192,L1-00465,P015,View
I000477,2026-08-05 08:27:18,C0192,L1-00465,P020,Add_to_Cart
I000478,2026-08-05 08:28:36,C0192,L1-00465,P015,Add_to_Cart
I000479,2026-08-05 08:34:03,C0060,L1-00151,P017,View
I000480,2026-08-05 08:35:00,C0060,L1-00151,P025,View
I000481,2026-08-05 08:37:50,C0060,L1-00151,P002,View
I000482,2026-08-05 08:38:26,C0060,L1-00151,P002,Add_to_Cart
I000483,2026-08-05 08:39:03,C0060,L1-00151,P025,View
I000484,2026-08-05 08:50:21,C0032,L1-00070,P033,View
I000485,2026-08-05 08:50:56,C0032,L1-00070,P033,View
I000486,2026-08-05 08:53:00,C0032,L1-00070,P022,View
I000487,2026-08-05 08:54:13,C0032,L1-00070,P022,Add_to_Cart
I000488,2026-08-05 08:56:28,C0032,L1-00070,P013,View
I000489,2026-08-05 08:59:39,C0185,L1-00454,P033,View
I000490,2026-08-05 09:02:22,C0185,L1-00454,P013,View
I000491,2026-08-05 09:03:39,C0185,L1-00454,P026,View
I000492,2026-08-05 09:05:24,C0185,L1-00454,P033,View
I000493,2026-08-05 09:08:24,C0185,L1-00454,P018,View
I000494,2026-08-05 09:09:10,C0185,L1-00454,P018,Add_to_Cart
I000495,2026-08-05 09:09:53,C0185,L1-00454,P022,View
I000496,2026-08-05 13:32:48,C0117,L1-00292,P021,View
I000497,2026-08-05 13:36:15,C0132,L1-00325,P014,View
I000498,2026-08-05 13:36:38,C0117,L1-00292,P007,View
I000499,2026-08-05 13:36:39,C0132,L1-00325,P034,View
I000500,2026-08-05 13:38:05,C0132,L1-00325,P033,View
I000501,2026-08-05 13:38:10,C0132,L1-00325,P014,Add_to_Cart
I000502,2026-08-05 13:39:06,C0117,L1-00292,P026,View
I000503,2026-08-05 13:41:32,C0117,L1-00292,P028,View
I000504,2026-08-05 13:43:41,C0117,L1-00292,P025,View
I000505,2026-08-05 13:46:16,C0117,L1-00292,P033,View
I000506,2026-08-05 14:11:47,C0086,L1-00222,P025,View
I000507,2026-08-05 14:12:34,C0086,L1-00222,P036,View
I000508,2026-08-05 14:13:30,C0086,L1-00222,P025,Add_to_Cart
I000509,2026-08-05 14:13:44,C0086,L1-00222,P036,Add_to_Cart
I000510,2026-08-05 14:15:49,C0086,L1-00222,P009,View
I000511,2026-08-05 14:17:45,C0135,L1-00331,P013,View
I000512,2026-08-05 14:18:51,C0135,L1-00331,P028,View
I000513,2026-08-05 14:19:57,C0135,L1-00331,P008,View
I000514,2026-08-05 14:56:26,C0031,L1-00069,P007,View
I000515,2026-08-05 14:58:58,C0031,L1-00069,P009,View
I000516,2026-08-05 15:00:26,C0031,L1-00069,P009,Add_to_Cart
I000517,2026-08-05 15:01:00,C0031,L1-00069,P032,View
I000518,2026-08-05 15:01:38,C0031,L1-00069,P032,Add_to_Cart
I000519,2026-08-05 15:02:30,C0031,L1-00069,P007,View
I000520,2026-08-05 15:04:59,C0031,L1-00069,P034,View
I000521,2026-08-05 15:06:47,C0031,L1-00069,P034,Add_to_Cart
I000522,2026-08-05 15:08:55,C0031,L1-00069,P024,View
I000523,2026-08-05 15:57:32,C0135,L1-00330,P004,View
I000524,2026-08-05 15:59:29,C0135,L1-00330,P004,Add_to_Cart
I000525,2026-08-05 15:59:31,C0135,L1-00330,P013,View
I000526,2026-08-05 16:01:50,C0135,L1-00330,P024,View
I000527,2026-08-05 16:47:09,C0184,L1-00451,P011,View
I000528,2026-08-05 16:48:14,C0184,L1-00451,P011,Add_to_Cart
I000529,2026-08-05 16:50:09,C0082,L1-00214,P002,View
I000530,2026-08-05 16:50:46,C0184,L1-00451,P016,View
I000531,2026-08-05 16:50:59,C0082,L1-00214,P035,View
I000532,2026-08-05 16:51:46,C0082,L1-00214,P002,Add_to_Cart
I000533,2026-08-05 16:52:11,C0184,L1-00451,P023,View
I000534,2026-08-05 16:53:23,C0082,L1-00214,P030,View
I000535,2026-08-05 16:55:03,C0082,L1-00214,P030,Add_to_Cart
I000536,2026-08-05 16:55:30,C0184,L1-00451,P019,View
I000537,2026-08-05 16:55:46,C0184,L1-00451,P019,Add_to_Cart
I000538,2026-08-05 16:56:14,C0184,L1-00451,P009,View
I000539,2026-08-05 16:58:14,C0184,L1-00451,P013,View
I000540,2026-08-05 16:59:50,C0184,L1-00451,P013,Add_to_Cart
I000541,2026-08-05 18:46:15,C0141,L1-00349,P034,View
I000542,2026-08-05 18:47:10,C0141,L1-00349,P013,View
I000543,2026-08-05 18:48:09,C0141,L1-00349,P034,Add_to_Cart
I000544,2026-08-05 18:48:16,C0141,L1-00349,P013,Add_to_Cart
I000545,2026-08-05 18:49:02,C0141,L1-00349,P020,View
I000546,2026-08-05 18:52:41,C0141,L1-00349,P021,View
I000547,2026-08-05 18:53:22,C0141,L1-00349,P021,Add_to_Cart
I000548,2026-08-05 18:54:24,C0141,L1-00349,P017,View
I000549,2026-08-05 18:55:20,C0141,L1-00349,P017,Add_to_Cart
I000550,2026-08-05 18:55:39,C0141,L1-00349,P031,View
I000551,2026-08-05 18:56:58,C0143,L1-00360,P018,View
I000552,2026-08-05 18:57:30,C0141,L1-00349,P031,Add_to_Cart
I000553,2026-08-05 18:57:31,C0143,L1-00360,P018,Add_to_Cart
I000554,2026-08-05 18:59:16,C0143,L1-00360,P014,View
I000555,2026-08-05 18:59:31,C0141,L1-00349,P028,View
I000556,2026-08-05 19:01:00,C0143,L1-00360,P029,View
I000557,2026-08-05 19:02:59,C0141,L1-00349,P020,View
I000558,2026-08-05 19:04:20,C0143,L1-00360,P028,View
I000559,2026-08-05 19:05:43,C0143,L1-00360,P028,Add_to_Cart
I000560,2026-08-05 19:07:06,C0143,L1-00360,P001,View
I000561,2026-08-05 19:09:43,C0143,L1-00360,P026,View
I000562,2026-08-05 19:38:46,C0140,L1-00348,P034,View
I000563,2026-08-05 19:41:18,C0140,L1-00348,P018,View
I000564,2026-08-05 19:41:56,C0140,L1-00348,P018,Add_to_Cart
I000565,2026-08-05 19:42:45,C0140,L1-00348,P005,View
I000566,2026-08-05 19:43:27,C0102,L1-00248,P004,View
I000567,2026-08-05 19:43:35,C0140,L1-00348,P005,Add_to_Cart
I000568,2026-08-05 19:44:00,C0102,L1-00248,P004,Add_to_Cart
I000569,2026-08-05 19:46:10,C0140,L1-00348,P026,View
I000570,2026-08-05 19:46:48,C0102,L1-00248,P017,View
I000571,2026-08-05 19:48:38,C0102,L1-00248,P014,View
I000572,2026-08-05 19:49:07,C0140,L1-00348,P026,View
I000573,2026-08-05 19:50:34,C0140,L1-00348,P026,Add_to_Cart
I000574,2026-08-05 19:52:37,C0140,L1-00348,P016,View
I000575,2026-08-05 19:53:06,C0140,L1-00348,P017,View
I000576,2026-08-05 23:08:07,C0073,L1-00190,P012,View
I000577,2026-08-05 23:10:34,C0073,L1-00190,P028,View
I000578,2026-08-05 23:14:08,C0073,L1-00190,P017,View
I000579,2026-08-05 23:14:46,C0073,L1-00190,P015,View
I000580,2026-08-05 23:15:11,C0073,L1-00190,P017,Add_to_Cart
I000581,2026-08-05 23:16:25,C0073,L1-00190,P011,View
I000582,2026-08-05 23:19:52,C0073,L1-00190,P006,View
I000583,2026-08-05 23:20:18,C0073,L1-00190,P006,Add_to_Cart
I000584,2026-08-06 10:43:10,C0038,L1-00087,P028,View
I000585,2026-08-06 10:46:42,C0038,L1-00087,P030,View
I000586,2026-08-06 10:47:56,C0038,L1-00087,P013,View
I000587,2026-08-06 10:48:35,C0038,L1-00087,P013,Add_to_Cart
I000588,2026-08-06 11:58:40,C0108,L1-00267,P016,View
I000589,2026-08-06 11:59:20,C0108,L1-00267,P032,View
I000590,2026-08-06 11:59:53,C0108,L1-00267,P032,Add_to_Cart
I000591,2026-08-06 12:01:35,C0108,L1-00267,P018,View
I000592,2026-08-06 12:02:22,C0108,L1-00267,P018,Add_to_Cart
I000593,2026-08-06 12:03:04,C0108,L1-00267,P030,View
I000594,2026-08-06 12:04:28,C0108,L1-00267,P025,View
I000595,2026-08-06 12:06:19,C0108,L1-00267,P020,View
I000596,2026-08-06 12:40:30,C0023,L1-00049,P030,View
I000597,2026-08-06 12:41:11,C0023,L1-00049,P030,View
I000598,2026-08-06 12:41:32,C0023,L1-00049,P024,View
I000599,2026-08-06 12:41:50,C0023,L1-00049,P024,Add_to_Cart
I000600,2026-08-06 12:42:27,C0023,L1-00049,P026,View
I000601,2026-08-06 12:46:19,C0023,L1-00049,P018,View
I000602,2026-08-06 12:47:00,C0023,L1-00049,P018,Add_to_Cart
I000603,2026-08-06 14:01:30,C0173,L1-00427,P010,View
I000604,2026-08-06 14:04:52,C0173,L1-00427,P008,View
I000605,2026-08-06 14:08:00,C0173,L1-00427,P033,View
I000606,2026-08-06 14:10:29,C0173,L1-00427,P030,View
I000607,2026-08-06 14:11:23,C0173,L1-00427,P030,Add_to_Cart
I000608,2026-08-06 14:13:07,C0173,L1-00427,P026,View
I000609,2026-08-06 15:16:04,C0053,L1-00135,P018,View
I000610,2026-08-06 15:19:17,C0053,L1-00135,P034,View
I000611,2026-08-06 15:19:53,C0053,L1-00135,P034,Add_to_Cart
I000612,2026-08-06 15:21:12,C0053,L1-00135,P013,View
I000613,2026-08-06 16:27:02,C0006,L1-00009,P026,View
I000614,2026-08-06 16:27:56,C0026,L1-00057,P034,View
I000615,2026-08-06 16:28:28,C0006,L1-00009,P026,Add_to_Cart
I000616,2026-08-06 16:28:59,C0006,L1-00009,P019,View
I000617,2026-08-06 16:30:11,C0006,L1-00009,P017,View
I000618,2026-08-06 16:31:07,C0006,L1-00009,P017,Add_to_Cart
I000619,2026-08-06 16:31:50,C0026,L1-00057,P024,View
I000620,2026-08-06 16:32:28,C0026,L1-00057,P024,Add_to_Cart
I000621,2026-08-06 16:32:54,C0026,L1-00057,P010,View
I000622,2026-08-06 16:59:08,C0031,L1-00066,P011,View
I000623,2026-08-06 16:59:29,C0031,L1-00066,P011,Add_to_Cart
I000624,2026-08-06 17:00:39,C0031,L1-00066,P023,View
I000625,2026-08-06 17:04:04,C0031,L1-00066,P014,View
I000626,2026-08-06 17:07:17,C0031,L1-00066,P020,View
I000627,2026-08-06 17:07:55,C0031,L1-00066,P004,View
I000628,2026-08-06 17:11:42,C0031,L1-00066,P009,View
I000629,2026-08-06 17:14:24,C0031,L1-00066,P015,View
I000630,2026-08-06 17:29:22,C0015,L1-00031,P012,View
I000631,2026-08-06 17:30:05,C0015,L1-00031,P012,Add_to_Cart
I000632,2026-08-06 17:31:44,C0015,L1-00031,P033,View
I000633,2026-08-06 17:32:49,C0015,L1-00031,P030,View
I000634,2026-08-06 17:34:15,C0015,L1-00031,P030,Add_to_Cart
I000635,2026-08-06 17:36:12,C0015,L1-00031,P013,View
I000636,2026-08-06 17:36:57,C0015,L1-00031,P013,Add_to_Cart
I000637,2026-08-06 17:38:57,C0015,L1-00031,P009,View
I000638,2026-08-06 17:49:22,C0081,L1-00213,P028,View
I000639,2026-08-06 17:50:47,C0081,L1-00213,P026,View
I000640,2026-08-06 17:51:12,C0081,L1-00213,P028,Add_to_Cart
I000641,2026-08-06 17:53:46,C0081,L1-00213,P004,View
I000642,2026-08-06 20:20:00,C0014,L1-00027,P020,View
I000643,2026-08-06 20:21:37,C0014,L1-00027,P013,View
I000644,2026-08-06 20:25:01,C0014,L1-00027,P007,View
I000645,2026-08-06 20:51:08,C0007,L1-00016,P007,View
I000646,2026-08-06 20:51:53,C0007,L1-00016,P007,Add_to_Cart
I000647,2026-08-06 20:53:40,C0007,L1-00016,P014,View
I000648,2026-08-06 20:55:07,C0007,L1-00016,P026,View
I000649,2026-08-06 20:57:53,C0007,L1-00016,P031,View
I000650,2026-08-06 20:59:36,C0007,L1-00016,P031,Add_to_Cart
I000651,2026-08-06 21:00:48,C0007,L1-00016,P011,View
I000652,2026-08-06 21:35:28,C0076,L1-00200,P026,View
I000653,2026-08-06 21:39:12,C0076,L1-00200,P031,View
I000654,2026-08-06 21:41:32,C0076,L1-00200,P032,View
I000655,2026-08-06 21:42:08,C0076,L1-00200,P032,Add_to_Cart
I000656,2026-08-07 08:12:59,C0101,L1-00246,P014,View
I000657,2026-08-07 08:15:22,C0101,L1-00246,P020,View
I000658,2026-08-07 08:16:49,C0101,L1-00246,P020,Add_to_Cart
I000659,2026-08-07 08:19:12,C0101,L1-00246,P029,View
I000660,2026-08-07 08:19:34,C0101,L1-00246,P029,Add_to_Cart
I000661,2026-08-07 08:21:56,C0101,L1-00246,P013,View
I000662,2026-08-07 08:23:28,C0101,L1-00246,P013,Add_to_Cart
I000663,2026-08-07 08:24:44,C0101,L1-00246,P016,View
I000664,2026-08-07 08:47:02,C0046,L1-00105,P015,View
I000665,2026-08-07 08:47:59,C0046,L1-00105,P011,View
I000666,2026-08-07 08:50:57,C0046,L1-00105,P009,View
I000667,2026-08-07 08:52:33,C0046,L1-00105,P009,Add_to_Cart
I000668,2026-08-07 08:53:49,C0046,L1-00105,P021,View
I000669,2026-08-07 09:00:06,C0034,L1-00074,P028,View
I000670,2026-08-07 09:03:06,C0034,L1-00074,P034,View
I000671,2026-08-07 09:03:53,C0034,L1-00074,P034,View
I000672,2026-08-07 10:13:48,C0018,L1-00040,P015,View
I000673,2026-08-07 10:14:26,C0018,L1-00040,P026,View
I000674,2026-08-07 10:17:57,C0018,L1-00040,P021,View
I000675,2026-08-07 10:18:42,C0018,L1-00040,P021,Add_to_Cart
I000676,2026-08-07 10:19:37,C0018,L1-00040,P015,View
I000677,2026-08-07 10:33:37,C0195,L1-00477,P007,View
I000678,2026-08-07 10:37:33,C0195,L1-00477,P032,View
I000679,2026-08-07 10:38:01,C0195,L1-00477,P009,View
I000680,2026-08-07 10:38:40,C0195,L1-00477,P009,Add_to_Cart
I000681,2026-08-07 10:40:23,C0195,L1-00477,P014,View
I000682,2026-08-07 10:41:43,C0195,L1-00477,P014,Add_to_Cart
I000683,2026-08-07 10:42:19,C0195,L1-00477,P006,View
I000684,2026-08-07 10:44:56,C0195,L1-00477,P029,View
I000685,2026-08-07 10:46:55,C0195,L1-00477,P024,View
I000686,2026-08-07 10:49:06,C0195,L1-00477,P034,View
I000687,2026-08-07 12:15:36,C0047,L1-00112,P010,View
I000688,2026-08-07 12:15:55,C0171,L1-00423,P012,View
I000689,2026-08-07 12:16:20,C0047,L1-00112,P010,Add_to_Cart
I000690,2026-08-07 12:17:41,C0171,L1-00423,P031,View
I000691,2026-08-07 12:18:09,C0047,L1-00112,P007,View
I000692,2026-08-07 12:18:26,C0171,L1-00423,P032,View
I000693,2026-08-07 12:18:37,C0047,L1-00112,P007,Add_to_Cart
I000694,2026-08-07 12:20:29,C0171,L1-00423,P031,View
I000695,2026-08-07 12:21:30,C0047,L1-00112,P023,View
I000696,2026-08-07 12:22:46,C0047,L1-00112,P023,Add_to_Cart
I000697,2026-08-07 12:24:13,C0171,L1-00423,P032,View
I000698,2026-08-07 12:27:24,C0171,L1-00423,P017,View
I000699,2026-08-07 12:34:25,C0059,L1-00145,P003,View
I000700,2026-08-07 12:35:51,C0059,L1-00145,P022,View
I000701,2026-08-07 12:37:27,C0059,L1-00145,P022,Add_to_Cart
I000702,2026-08-07 12:37:50,C0059,L1-00145,P004,View
I000703,2026-08-07 12:41:10,C0059,L1-00145,P024,View
I000704,2026-08-07 12:42:59,C0059,L1-00145,P028,View
I000705,2026-08-07 13:12:26,C0199,L1-00487,P010,View
I000706,2026-08-07 13:13:50,C0199,L1-00487,P012,View
I000707,2026-08-07 13:14:45,C0199,L1-00487,P012,Add_to_Cart
I000708,2026-08-07 13:16:55,C0199,L1-00487,P006,View
I000709,2026-08-07 13:18:23,C0199,L1-00487,P006,Add_to_Cart
I000710,2026-08-07 13:18:29,C0199,L1-00487,P010,View
I000711,2026-08-07 13:20:13,C0199,L1-00487,P029,View
I000712,2026-08-07 15:40:31,C0069,L1-00181,P019,View
I000713,2026-08-07 15:43:46,C0069,L1-00181,P008,View
I000714,2026-08-07 15:44:14,C0069,L1-00181,P008,Add_to_Cart
I000715,2026-08-07 15:47:44,C0069,L1-00181,P020,View
I000716,2026-08-07 15:54:31,C0152,L1-00383,P021,View
I000717,2026-08-07 15:58:05,C0152,L1-00383,P034,View
I000718,2026-08-07 16:00:01,C0152,L1-00383,P011,View
I000719,2026-08-07 16:01:28,C0152,L1-00383,P010,View
I000720,2026-08-07 16:03:13,C0152,L1-00383,P010,Add_to_Cart
I000721,2026-08-07 16:51:54,C0046,L1-00104,P020,View
I000722,2026-08-07 16:52:45,C0046,L1-00104,P026,View
I000723,2026-08-07 16:55:35,C0046,L1-00104,P022,View
I000724,2026-08-07 16:56:26,C0046,L1-00104,P022,Add_to_Cart
I000725,2026-08-07 16:57:25,C0046,L1-00104,P002,View
I000726,2026-08-07 17:00:23,C0046,L1-00104,P018,View
I000727,2026-08-07 17:00:39,C0046,L1-00104,P018,Add_to_Cart
I000728,2026-08-07 17:12:17,C0074,L1-00194,P010,View
I000729,2026-08-07 17:13:39,C0074,L1-00194,P010,Add_to_Cart
I000730,2026-08-07 17:14:07,C0074,L1-00194,P011,View
I000731,2026-08-07 17:16:07,C0074,L1-00194,P022,View
I000732,2026-08-07 17:16:35,C0074,L1-00194,P022,Add_to_Cart
I000733,2026-08-07 17:18:33,C0074,L1-00194,P026,View
I000734,2026-08-07 17:21:46,C0074,L1-00194,P018,View
I000735,2026-08-07 17:23:48,C0074,L1-00194,P017,View
I000736,2026-08-07 18:20:39,C0110,L1-00273,P007,View
I000737,2026-08-07 18:22:23,C0110,L1-00273,P007,Add_to_Cart
I000738,2026-08-07 18:23:19,C0110,L1-00273,P032,View
I000739,2026-08-07 18:25:18,C0110,L1-00273,P022,View
I000740,2026-08-07 18:26:24,C0110,L1-00273,P004,View
I000741,2026-08-07 18:26:58,C0110,L1-00273,P004,Add_to_Cart
I000742,2026-08-07 18:28:35,C0110,L1-00273,P015,View
I000743,2026-08-07 18:30:02,C0110,L1-00273,P015,Add_to_Cart
I000744,2026-08-07 21:49:35,C0162,L1-00401,P004,View
I000745,2026-08-07 21:51:16,C0162,L1-00401,P008,View
I000746,2026-08-07 21:52:18,C0162,L1-00401,P008,Add_to_Cart
I000747,2026-08-07 21:55:12,C0162,L1-00401,P013,View
I000748,2026-08-07 21:58:35,C0162,L1-00401,P032,View
I000749,2026-08-07 21:59:38,C0162,L1-00401,P032,Add_to_Cart
I000750,2026-08-07 22:00:56,C0162,L1-00401,P033,View
I000751,2026-08-07 22:50:41,C0164,L1-00408,P023,View
I000752,2026-08-07 22:51:30,C0164,L1-00408,P026,View
I000753,2026-08-07 22:51:34,C0164,L1-00408,P023,Add_to_Cart
I000754,2026-08-07 22:55:16,C0164,L1-00408,P013,View
I000755,2026-08-07 22:55:41,C0164,L1-00408,P031,View
I000756,2026-08-07 22:56:01,C0164,L1-00408,P031,Add_to_Cart
I000757,2026-08-07 22:59:13,C0164,L1-00408,P021,View
I000758,2026-08-07 23:00:19,C0164,L1-00408,P026,View
I000759,2026-08-07 23:02:26,C0164,L1-00408,P021,View
I000760,2026-08-07 23:03:30,C0164,L1-00408,P021,Add_to_Cart
I000761,2026-08-08 08:34:44,C0057,L1-00139,P010,View
I000762,2026-08-08 08:37:22,C0057,L1-00139,P030,View
I000763,2026-08-08 08:38:36,C0057,L1-00139,P012,View
I000764,2026-08-08 11:07:44,C0072,L1-00188,P015,View
I000765,2026-08-08 11:09:43,C0072,L1-00188,P026,View
I000766,2026-08-08 11:13:12,C0072,L1-00188,P022,View
I000767,2026-08-08 11:14:40,C0072,L1-00188,P031,View
I000768,2026-08-08 11:16:39,C0072,L1-00188,P031,Add_to_Cart
I000769,2026-08-08 11:17:30,C0072,L1-00188,P009,View
I000770,2026-08-08 11:17:50,C0072,L1-00188,P015,View
I000771,2026-08-08 12:09:02,C0195,L1-00475,P013,View
I000772,2026-08-08 12:10:51,C0195,L1-00475,P009,View
I000773,2026-08-08 12:12:53,C0195,L1-00475,P015,View
I000774,2026-08-08 12:14:34,C0195,L1-00475,P020,View
I000775,2026-08-08 12:16:42,C0195,L1-00475,P026,View
I000776,2026-08-08 12:20:00,C0195,L1-00475,P016,View
I000777,2026-08-08 12:40:42,C0017,L1-00038,P025,View
I000778,2026-08-08 12:44:29,C0017,L1-00038,P033,View
I000779,2026-08-08 12:48:02,C0017,L1-00038,P025,View
I000780,2026-08-08 12:48:43,C0017,L1-00038,P025,Add_to_Cart
I000781,2026-08-08 12:51:17,C0017,L1-00038,P035,View
I000782,2026-08-08 13:01:40,C0181,L1-00439,P024,View
I000783,2026-08-08 13:02:37,C0181,L1-00439,P024,Add_to_Cart
I000784,2026-08-08 13:03:23,C0181,L1-00439,P033,View
I000785,2026-08-08 13:04:18,C0181,L1-00439,P033,Add_to_Cart
I000786,2026-08-08 13:04:29,C0181,L1-00439,P021,View
I000787,2026-08-08 14:22:54,C0189,L1-00464,P025,View
I000788,2026-08-08 14:24:53,C0189,L1-00464,P025,Add_to_Cart
I000789,2026-08-08 14:25:11,C0189,L1-00464,P028,View
I000790,2026-08-08 14:26:38,C0189,L1-00464,P006,View
I000791,2026-08-08 14:38:52,C0011,L1-00023,P008,View
I000792,2026-08-08 14:42:04,C0011,L1-00023,P002,View
I000793,2026-08-08 14:44:49,C0011,L1-00023,P009,View
I000794,2026-08-08 14:46:12,C0011,L1-00023,P021,View
I000795,2026-08-08 14:46:46,C0011,L1-00023,P009,Add_to_Cart
I000796,2026-08-08 14:47:21,C0011,L1-00023,P021,Add_to_Cart
I000797,2026-08-08 14:47:39,C0011,L1-00023,P024,View
I000798,2026-08-08 14:48:50,C0011,L1-00023,P024,Add_to_Cart
I000799,2026-08-08 14:50:08,C0011,L1-00023,P025,View
I000800,2026-08-08 14:59:19,C0002,L1-00003,P028,View
I000801,2026-08-08 15:00:06,C0002,L1-00003,P017,View
I000802,2026-08-08 15:00:11,C0043,L1-00097,P022,View
I000803,2026-08-08 15:02:28,C0002,L1-00003,P010,View
I000804,2026-08-08 15:03:07,C0002,L1-00003,P017,View
I000805,2026-08-08 15:03:38,C0002,L1-00003,P017,Add_to_Cart
I000806,2026-08-08 15:03:50,C0043,L1-00097,P011,View
I000807,2026-08-08 15:05:17,C0002,L1-00003,P033,View
I000808,2026-08-08 15:05:18,C0043,L1-00097,P025,View
I000809,2026-08-08 15:05:25,C0043,L1-00097,P011,Add_to_Cart
I000810,2026-08-08 15:06:08,C0043,L1-00097,P025,Add_to_Cart
I000811,2026-08-08 15:08:38,C0043,L1-00097,P013,View
I000812,2026-08-08 15:10:30,C0043,L1-00097,P014,View
I000813,2026-08-08 15:56:05,C0135,L1-00332,P011,View
I000814,2026-08-08 15:57:10,C0135,L1-00332,P011,Add_to_Cart
I000815,2026-08-08 15:59:47,C0135,L1-00332,P033,View
I000816,2026-08-08 16:00:03,C0135,L1-00332,P033,Add_to_Cart
I000817,2026-08-08 16:02:40,C0135,L1-00332,P022,View
I000818,2026-08-08 16:03:01,C0135,L1-00332,P022,Add_to_Cart
I000819,2026-08-08 16:46:53,C0096,L1-00240,P006,View
I000820,2026-08-08 16:48:17,C0096,L1-00240,P030,View
I000821,2026-08-08 16:51:06,C0096,L1-00240,P002,View
I000822,2026-08-08 16:52:20,C0096,L1-00240,P002,Add_to_Cart
I000823,2026-08-08 16:52:30,C0096,L1-00240,P025,View
I000824,2026-08-08 16:53:55,C0096,L1-00240,P026,View
I000825,2026-08-08 16:56:17,C0096,L1-00240,P003,View
I000826,2026-08-08 17:04:39,C0006,L1-00011,P034,View
I000827,2026-08-08 17:06:35,C0006,L1-00011,P031,View
I000828,2026-08-08 17:07:48,C0006,L1-00011,P031,Add_to_Cart
I000829,2026-08-08 17:09:45,C0006,L1-00011,P015,View
I000830,2026-08-08 17:11:21,C0006,L1-00011,P015,Add_to_Cart
I000831,2026-08-08 17:24:57,C0096,L1-00239,P006,View
I000832,2026-08-08 17:26:29,C0096,L1-00239,P013,View
I000833,2026-08-08 17:26:43,C0016,L1-00037,P009,View
I000834,2026-08-08 17:28:12,C0096,L1-00239,P017,View
I000835,2026-08-08 17:29:25,C0096,L1-00239,P017,Add_to_Cart
I000836,2026-08-08 17:29:45,C0016,L1-00037,P014,View
I000837,2026-08-08 17:30:26,C0096,L1-00239,P018,View
I000838,2026-08-08 17:30:40,C0016,L1-00037,P014,Add_to_Cart
I000839,2026-08-08 17:31:45,C0016,L1-00037,P021,View
I000840,2026-08-08 17:33:15,C0096,L1-00239,P031,View
I000841,2026-08-08 17:34:38,C0016,L1-00037,P011,View
I000842,2026-08-08 17:35:19,C0016,L1-00037,P004,View
I000843,2026-08-08 17:37:41,C0016,L1-00037,P029,View
I000844,2026-08-08 17:37:56,C0016,L1-00037,P029,Add_to_Cart
I000845,2026-08-08 17:58:39,C0137,L1-00337,P016,View
I000846,2026-08-08 17:59:13,C0137,L1-00337,P016,Add_to_Cart
I000847,2026-08-08 18:00:04,C0137,L1-00337,P015,View
I000848,2026-08-08 18:02:39,C0137,L1-00337,P025,View
I000849,2026-08-08 18:03:50,C0137,L1-00337,P017,View
I000850,2026-08-08 18:05:42,C0106,L1-00260,P024,View
I000851,2026-08-08 18:06:32,C0137,L1-00337,P008,View
I000852,2026-08-08 18:08:25,C0137,L1-00337,P008,Add_to_Cart
I000853,2026-08-08 18:08:42,C0106,L1-00260,P027,View
I000854,2026-08-08 18:09:28,C0106,L1-00260,P033,View
I000855,2026-08-08 18:11:58,C0106,L1-00260,P017,View
I000856,2026-08-08 18:13:19,C0106,L1-00260,P013,View
I000857,2026-08-08 18:15:30,C0106,L1-00260,P011,View
I000858,2026-08-08 18:16:49,C0106,L1-00260,P011,Add_to_Cart
I000859,2026-08-08 23:57:27,C0181,L1-00441,P026,View
I000860,2026-08-09 00:00:21,C0181,L1-00441,P032,View
I000861,2026-08-09 00:02:56,C0181,L1-00441,P024,View
I000862,2026-08-09 09:12:35,C0163,L1-00405,P012,View
I000863,2026-08-09 09:13:16,C0163,L1-00405,P031,View
I000864,2026-08-09 09:14:10,C0163,L1-00405,P031,Add_to_Cart
I000865,2026-08-09 09:15:54,C0163,L1-00405,P028,View
I000866,2026-08-09 09:17:30,C0163,L1-00405,P028,Add_to_Cart
I000867,2026-08-09 09:19:20,C0163,L1-00405,P034,View
I000868,2026-08-09 09:20:13,C0163,L1-00405,P034,Add_to_Cart
I000869,2026-08-09 09:20:56,C0118,L1-00294,P016,View
I000870,2026-08-09 09:24:07,C0118,L1-00294,P013,View
I000871,2026-08-09 09:25:49,C0118,L1-00294,P013,Add_to_Cart
I000872,2026-08-09 09:27:23,C0118,L1-00294,P005,View
I000873,2026-08-09 09:29:25,C0118,L1-00294,P005,View
I000874,2026-08-09 09:30:36,C0118,L1-00294,P032,View
I000875,2026-08-09 09:34:34,C0118,L1-00294,P014,View
I000876,2026-08-09 11:05:06,C0066,L1-00171,P009,View
I000877,2026-08-09 11:06:25,C0066,L1-00171,P009,Add_to_Cart
I000878,2026-08-09 11:06:29,C0066,L1-00171,P021,View
I000879,2026-08-09 11:08:21,C0066,L1-00171,P021,Add_to_Cart
I000880,2026-08-09 11:08:36,C0066,L1-00171,P012,View
I000881,2026-08-09 11:09:35,C0066,L1-00171,P017,View
I000882,2026-08-09 11:10:45,C0066,L1-00171,P017,Add_to_Cart
I000883,2026-08-09 11:40:54,C0058,L1-00141,P009,View
I000884,2026-08-09 11:41:47,C0058,L1-00141,P009,Add_to_Cart
I000885,2026-08-09 11:43:00,C0058,L1-00141,P023,View
I000886,2026-08-09 11:44:29,C0058,L1-00141,P010,View
I000887,2026-08-09 11:46:52,C0058,L1-00141,P010,View
I000888,2026-08-09 11:47:46,C0058,L1-00141,P031,View
I000889,2026-08-09 11:48:53,C0058,L1-00141,P014,View
I000890,2026-08-09 11:52:29,C0068,L1-00180,P031,View
I000891,2026-08-09 11:53:04,C0123,L1-00309,P004,View
I000892,2026-08-09 11:53:55,C0123,L1-00309,P028,View
I000893,2026-08-09 11:56:01,C0123,L1-00309,P034,View
I000894,2026-08-09 11:56:07,C0068,L1-00180,P025,View
I000895,2026-08-09 11:57:08,C0068,L1-00180,P024,View
I000896,2026-08-09 11:57:48,C0068,L1-00180,P025,Add_to_Cart
I000897,2026-08-09 11:59:46,C0123,L1-00309,P033,View
I000898,2026-08-09 12:00:13,C0123,L1-00309,P033,Add_to_Cart
I000899,2026-08-09 12:02:25,C0123,L1-00309,P021,View
I000900,2026-08-09 12:03:37,C0134,L1-00329,P025,View
I000901,2026-08-09 12:05:22,C0123,L1-00309,P006,View
I000902,2026-08-09 12:05:27,C0134,L1-00329,P018,View
I000903,2026-08-09 12:08:14,C0134,L1-00329,P003,View
I000904,2026-08-09 12:15:26,C0159,L1-00390,P033,View
I000905,2026-08-09 12:17:54,C0159,L1-00390,P013,View
I000906,2026-08-09 12:20:45,C0159,L1-00390,P032,View
I000907,2026-08-09 12:22:31,C0159,L1-00390,P022,View
I000908,2026-08-09 12:26:17,C0159,L1-00390,P002,View
I000909,2026-08-09 12:37:09,C0049,L1-00118,P025,View
I000910,2026-08-09 12:38:05,C0049,L1-00118,P012,View
I000911,2026-08-09 12:38:45,C0049,L1-00118,P012,Add_to_Cart
I000912,2026-08-09 12:40:53,C0049,L1-00118,P031,View
I000913,2026-08-09 12:41:43,C0049,L1-00118,P031,Add_to_Cart
I000914,2026-08-09 12:44:00,C0049,L1-00118,P011,View
I000915,2026-08-09 12:44:40,C0049,L1-00118,P011,Add_to_Cart
I000916,2026-08-09 12:44:57,C0049,L1-00118,P007,View
I000917,2026-08-09 12:45:40,C0049,L1-00118,P007,Add_to_Cart
I000918,2026-08-09 13:14:19,C0122,L1-00307,P026,View
I000919,2026-08-09 13:15:22,C0122,L1-00307,P003,View
I000920,2026-08-09 13:16:20,C0122,L1-00307,P013,View
I000921,2026-08-09 13:34:12,C0064,L1-00165,P031,View
I000922,2026-08-09 13:36:08,C0064,L1-00165,P016,View
I000923,2026-08-09 13:36:11,C0064,L1-00165,P031,Add_to_Cart
I000924,2026-08-09 13:36:49,C0064,L1-00165,P021,View
I000925,2026-08-09 13:38:52,C0064,L1-00165,P022,View
I000926,2026-08-09 13:42:32,C0064,L1-00165,P025,View
I000927,2026-08-09 13:45:52,C0064,L1-00165,P021,View
I000928,2026-08-09 14:31:59,C0094,L1-00236,P010,View
I000929,2026-08-09 14:33:32,C0199,L1-00486,P024,View
I000930,2026-08-09 14:35:12,C0094,L1-00236,P004,View
I000931,2026-08-09 14:35:48,C0199,L1-00486,P021,View
I000932,2026-08-09 14:37:39,C0199,L1-00486,P014,View
I000933,2026-08-09 14:37:40,C0094,L1-00236,P019,View
I000934,2026-08-09 14:38:47,C0199,L1-00486,P031,View
I000935,2026-08-09 14:39:17,C0094,L1-00236,P030,View
I000936,2026-08-09 14:40:25,C0199,L1-00486,P031,Add_to_Cart
I000937,2026-08-09 14:43:39,C0183,L1-00447,P017,View
I000938,2026-08-09 14:47:18,C0183,L1-00447,P017,View
I000939,2026-08-09 14:48:32,C0183,L1-00447,P011,View
I000940,2026-08-09 14:48:52,C0183,L1-00447,P017,Add_to_Cart
I000941,2026-08-09 14:49:24,C0183,L1-00447,P015,View
I000942,2026-08-09 14:50:25,C0183,L1-00447,P015,Add_to_Cart
I000943,2026-08-09 14:52:28,C0112,L1-00285,P009,View
I000944,2026-08-09 14:53:15,C0112,L1-00285,P034,View
I000945,2026-08-09 14:56:02,C0112,L1-00285,P024,View
I000946,2026-08-09 14:58:45,C0112,L1-00285,P023,View
I000947,2026-08-09 14:59:33,C0112,L1-00285,P023,Add_to_Cart
I000948,2026-08-09 15:31:23,C0075,L1-00197,P024,View
I000949,2026-08-09 15:33:20,C0075,L1-00197,P021,View
I000950,2026-08-09 15:33:46,C0075,L1-00197,P018,View
I000951,2026-08-09 15:35:15,C0075,L1-00197,P004,View
I000952,2026-08-09 15:36:07,C0075,L1-00197,P004,View
I000953,2026-08-09 15:36:32,C0075,L1-00197,P004,Add_to_Cart
I000954,2026-08-09 16:18:43,C0102,L1-00247,P007,View
I000955,2026-08-09 16:22:38,C0102,L1-00247,P031,View
I000956,2026-08-09 16:22:58,C0102,L1-00247,P006,View
I000957,2026-08-09 17:00:02,C0087,L1-00225,P018,View
I000958,2026-08-09 17:00:22,C0014,L1-00028,P034,View
I000959,2026-08-09 17:03:00,C0126,L1-00316,P016,View
I000960,2026-08-09 17:03:37,C0087,L1-00225,P024,View
I000961,2026-08-09 17:03:55,C0087,L1-00225,P024,Add_to_Cart
I000962,2026-08-09 17:03:58,C0014,L1-00028,P010,View
I000963,2026-08-09 17:05:56,C0126,L1-00316,P026,View
I000964,2026-08-09 17:06:24,C0087,L1-00225,P023,View
I000965,2026-08-09 17:06:52,C0014,L1-00028,P012,View
I000966,2026-08-09 17:08:26,C0126,L1-00316,P014,View
I000967,2026-08-09 17:10:17,C0126,L1-00316,P008,View
I000968,2026-08-09 17:10:40,C0126,L1-00316,P033,View
I000969,2026-08-09 17:11:00,C0126,L1-00316,P008,Add_to_Cart
I000970,2026-08-09 17:12:10,C0126,L1-00316,P033,Add_to_Cart
I000971,2026-08-09 18:26:46,C0042,L1-00095,P012,View
I000972,2026-08-09 18:27:28,C0042,L1-00095,P013,View
I000973,2026-08-09 18:28:43,C0042,L1-00095,P012,Add_to_Cart
I000974,2026-08-09 18:29:15,C0042,L1-00095,P005,View
I000975,2026-08-09 18:30:31,C0042,L1-00095,P005,Add_to_Cart
I000976,2026-08-09 18:32:47,C0042,L1-00095,P015,View
I000977,2026-08-09 18:36:12,C0042,L1-00095,P006,View
I000978,2026-08-09 18:36:43,C0042,L1-00095,P006,Add_to_Cart
I000979,2026-08-09 18:38:20,C0042,L1-00095,P007,View
I000980,2026-08-09 20:37:59,C0183,L1-00448,P031,View
I000981,2026-08-09 20:38:45,C0183,L1-00448,P031,Add_to_Cart
I000982,2026-08-09 20:39:58,C0183,L1-00448,P008,View
I000983,2026-08-09 20:41:32,C0183,L1-00448,P009,View
I000984,2026-08-09 20:44:06,C0183,L1-00448,P028,View
I000985,2026-08-09 20:44:41,C0183,L1-00448,P028,Add_to_Cart
I000986,2026-08-09 22:02:36,C0103,L1-00253,P015,View
I000987,2026-08-09 22:04:53,C0103,L1-00253,P028,View
I000988,2026-08-09 22:05:35,C0103,L1-00253,P023,View
I000989,2026-08-09 22:06:45,C0103,L1-00253,P028,Add_to_Cart
I000990,2026-08-09 22:07:24,C0103,L1-00253,P030,View
I000991,2026-08-09 22:09:26,C0103,L1-00253,P034,View
I000992,2026-08-09 22:10:04,C0103,L1-00253,P034,Add_to_Cart
I000993,2026-08-09 22:10:15,C0103,L1-00253,P024,View
I000994,2026-08-09 22:12:08,C0103,L1-00253,P024,Add_to_Cart
I000995,2026-08-09 23:04:10,C0022,L1-00048,P035,View
I000996,2026-08-09 23:07:19,C0022,L1-00048,P031,View
I000997,2026-08-09 23:08:02,C0022,L1-00048,P031,Add_to_Cart
I000998,2026-08-09 23:09:58,C0022,L1-00048,P008,View
I000999,2026-08-09 23:13:42,C0022,L1-00048,P022,View
I001000,2026-08-10 08:33:51,C0037,L1-00085,P026,View
I001001,2026-08-10 08:36:28,C0037,L1-00085,P008,View
I001002,2026-08-10 08:36:54,C0037,L1-00085,P016,View
I001003,2026-08-10 08:37:19,C0037,L1-00085,P025,View
I001004,2026-08-10 08:37:32,C0037,L1-00085,P008,Add_to_Cart
I001005,2026-08-10 08:37:36,C0037,L1-00085,P016,Add_to_Cart
I001006,2026-08-10 08:39:06,C0037,L1-00085,P021,View
I001007,2026-08-10 08:40:24,C0037,L1-00085,P021,Add_to_Cart
I001008,2026-08-10 08:40:31,C0037,L1-00085,P004,View
I001009,2026-08-10 08:40:50,C0037,L1-00085,P004,Add_to_Cart
I001010,2026-08-10 08:42:16,C0037,L1-00085,P020,View
I001011,2026-08-10 10:38:48,C0181,L1-00438,P015,View
I001012,2026-08-10 10:41:30,C0181,L1-00438,P026,View
I001013,2026-08-10 10:41:52,C0181,L1-00438,P011,View
I001014,2026-08-10 10:43:13,C0181,L1-00438,P011,Add_to_Cart
I001015,2026-08-10 12:22:32,C0086,L1-00223,P011,View
I001016,2026-08-10 12:25:32,C0086,L1-00223,P033,View
I001017,2026-08-10 12:26:07,C0086,L1-00223,P025,View
I001018,2026-08-10 13:07:19,C0105,L1-00256,P002,View
I001019,2026-08-10 13:08:01,C0105,L1-00256,P002,Add_to_Cart
I001020,2026-08-10 13:08:41,C0182,L1-00442,P030,View
I001021,2026-08-10 13:09:01,C0182,L1-00442,P014,View
I001022,2026-08-10 13:09:29,C0182,L1-00442,P033,View
I001023,2026-08-10 13:09:32,C0105,L1-00256,P026,View
I001024,2026-08-10 13:09:52,C0182,L1-00442,P020,View
I001025,2026-08-10 13:10:08,C0182,L1-00442,P020,Add_to_Cart
I001026,2026-08-10 13:10:09,C0182,L1-00442,P014,Add_to_Cart
I001027,2026-08-10 13:10:18,C0105,L1-00256,P007,View
I001028,2026-08-10 13:10:26,C0182,L1-00442,P030,Add_to_Cart
I001029,2026-08-10 13:11:36,C0182,L1-00442,P011,View
I001030,2026-08-10 13:14:12,C0182,L1-00442,P024,View
I001031,2026-08-10 13:15:51,C0182,L1-00442,P024,Add_to_Cart
I001032,2026-08-10 13:15:52,C0182,L1-00442,P018,View
I001033,2026-08-10 13:16:21,C0182,L1-00442,P018,Add_to_Cart
I001034,2026-08-10 13:16:51,C0182,L1-00442,P023,View
I001035,2026-08-10 13:53:25,C0087,L1-00224,P009,View
I001036,2026-08-10 13:56:56,C0087,L1-00224,P002,View
I001037,2026-08-10 13:58:43,C0087,L1-00224,P002,Add_to_Cart
I001038,2026-08-10 14:00:53,C0087,L1-00224,P013,View
I001039,2026-08-10 14:01:37,C0087,L1-00224,P013,Add_to_Cart
I001040,2026-08-10 14:43:54,C0093,L1-00233,P023,View
I001041,2026-08-10 14:44:22,C0093,L1-00233,P023,Add_to_Cart
I001042,2026-08-10 14:46:54,C0093,L1-00233,P014,View
I001043,2026-08-10 14:47:18,C0093,L1-00233,P014,Add_to_Cart
I001044,2026-08-10 14:47:21,C0093,L1-00233,P030,View
I001045,2026-08-10 15:32:57,C0083,L1-00217,P034,View
I001046,2026-08-10 15:33:39,C0083,L1-00217,P004,View
I001047,2026-08-10 15:34:19,C0083,L1-00217,P004,Add_to_Cart
I001048,2026-08-10 15:34:50,C0083,L1-00217,P026,View
I001049,2026-08-10 16:15:38,C0183,L1-00446,P014,View
I001050,2026-08-10 16:16:00,C0183,L1-00446,P007,View
I001051,2026-08-10 16:18:16,C0183,L1-00446,P005,View
I001052,2026-08-10 16:21:44,C0183,L1-00446,P013,View
I001053,2026-08-10 16:57:42,C0111,L1-00277,P022,View
I001054,2026-08-10 16:58:37,C0111,L1-00277,P007,View
I001055,2026-08-10 17:01:46,C0111,L1-00277,P017,View
I001056,2026-08-10 17:05:24,C0111,L1-00277,P002,View
I001057,2026-08-10 17:07:33,C0111,L1-00277,P028,View
I001058,2026-08-10 17:08:24,C0111,L1-00277,P030,View
I001059,2026-08-10 17:09:17,C0111,L1-00277,P010,View
I001060,2026-08-10 17:19:36,C0062,L1-00155,P016,View
I001061,2026-08-10 17:21:00,C0062,L1-00155,P016,Add_to_Cart
I001062,2026-08-10 17:21:14,C0062,L1-00155,P025,View
I001063,2026-08-10 17:24:34,C0062,L1-00155,P015,View
I001064,2026-08-10 17:25:36,C0062,L1-00155,P015,Add_to_Cart
I001065,2026-08-10 17:27:44,C0062,L1-00155,P026,View
I001066,2026-08-10 17:30:08,C0062,L1-00155,P017,View
I001067,2026-08-10 17:34:00,C0062,L1-00155,P012,View
I001068,2026-08-10 19:40:56,C0118,L1-00296,P018,View
I001069,2026-08-10 19:43:25,C0118,L1-00296,P022,View
I001070,2026-08-10 19:46:47,C0118,L1-00296,P017,View
I001071,2026-08-10 19:48:25,C0118,L1-00296,P017,Add_to_Cart
I001072,2026-08-10 19:49:54,C0118,L1-00296,P015,View
I001073,2026-08-10 22:48:07,C0143,L1-00361,P024,View
I001074,2026-08-10 22:51:39,C0143,L1-00361,P011,View
I001075,2026-08-10 22:54:13,C0143,L1-00361,P034,View
I001076,2026-08-10 22:54:44,C0143,L1-00361,P034,Add_to_Cart
I001077,2026-08-10 22:55:14,C0143,L1-00361,P014,View
I001078,2026-08-10 22:57:19,C0143,L1-00361,P030,View
I001079,2026-08-10 23:07:33,C0072,L1-00189,P016,View
I001080,2026-08-10 23:08:16,C0072,L1-00189,P004,View
I001081,2026-08-10 23:11:12,C0072,L1-00189,P028,View
I001082,2026-08-10 23:13:17,C0072,L1-00189,P018,View
I001083,2026-08-10 23:14:13,C0072,L1-00189,P018,Add_to_Cart
I001084,2026-08-10 23:15:47,C0072,L1-00189,P016,View
I001085,2026-08-10 23:38:51,C0121,L1-00304,P021,View
I001086,2026-08-10 23:41:21,C0121,L1-00304,P031,View
I001087,2026-08-10 23:44:54,C0121,L1-00304,P030,View
I001088,2026-08-10 23:48:20,C0121,L1-00304,P031,View
I001089,2026-08-10 23:49:14,C0121,L1-00304,P030,View
I001090,2026-08-10 23:51:11,C0121,L1-00304,P030,Add_to_Cart
I001091,2026-08-11 09:26:17,C0049,L1-00119,P034,View
I001092,2026-08-11 09:26:35,C0049,L1-00119,P034,Add_to_Cart
I001093,2026-08-11 09:27:30,C0049,L1-00119,P008,View
I001094,2026-08-11 09:28:41,C0049,L1-00119,P011,View
I001095,2026-08-11 09:32:32,C0049,L1-00119,P026,View
I001096,2026-08-11 09:32:54,C0049,L1-00119,P004,View
I001097,2026-08-11 09:36:04,C0049,L1-00119,P010,View
I001098,2026-08-11 12:07:54,C0145,L1-00367,P022,View
I001099,2026-08-11 12:09:44,C0145,L1-00367,P022,Add_to_Cart
I001100,2026-08-11 12:11:06,C0145,L1-00367,P023,View
I001101,2026-08-11 12:12:53,C0145,L1-00367,P012,View
I001102,2026-08-11 12:13:17,C0145,L1-00367,P012,Add_to_Cart
I001103,2026-08-11 12:18:59,C0116,L1-00291,P028,View
I001104,2026-08-11 12:20:50,C0116,L1-00291,P018,View
I001105,2026-08-11 12:21:10,C0116,L1-00291,P025,View
I001106,2026-08-11 13:13:55,C0010,L1-00019,P032,View
I001107,2026-08-11 13:16:00,C0010,L1-00019,P015,View
I001108,2026-08-11 13:16:25,C0010,L1-00019,P009,View
I001109,2026-08-11 13:17:37,C0010,L1-00019,P015,Add_to_Cart
I001110,2026-08-11 13:49:47,C0172,L1-00425,P020,View
I001111,2026-08-11 13:51:17,C0172,L1-00425,P020,Add_to_Cart
I001112,2026-08-11 13:51:34,C0172,L1-00425,P008,View
I001113,2026-08-11 13:53:44,C0172,L1-00425,P028,View
I001114,2026-08-11 13:54:45,C0172,L1-00425,P028,Add_to_Cart
I001115,2026-08-11 14:00:38,C0124,L1-00311,P035,View
I001116,2026-08-11 14:01:35,C0124,L1-00311,P025,View
I001117,2026-08-11 14:02:14,C0124,L1-00311,P035,Add_to_Cart
I001118,2026-08-11 14:03:18,C0124,L1-00311,P023,View
I001119,2026-08-11 14:05:56,C0124,L1-00311,P008,View
I001120,2026-08-11 14:07:01,C0124,L1-00311,P023,View
I001121,2026-08-11 14:08:36,C0124,L1-00311,P025,View
I001122,2026-08-11 15:18:35,C0113,L1-00286,P004,View
I001123,2026-08-11 15:19:05,C0113,L1-00286,P026,View
I001124,2026-08-11 15:20:28,C0113,L1-00286,P004,Add_to_Cart
I001125,2026-08-11 15:21:01,C0113,L1-00286,P012,View
I001126,2026-08-11 15:48:17,C0169,L1-00417,P031,View
I001127,2026-08-11 15:51:26,C0169,L1-00417,P017,View
I001128,2026-08-11 15:52:55,C0169,L1-00417,P013,View
I001129,2026-08-11 15:53:53,C0169,L1-00417,P017,View
I001130,2026-08-11 15:55:23,C0169,L1-00417,P017,Add_to_Cart
I001131,2026-08-11 15:56:53,C0169,L1-00417,P015,View
I001132,2026-08-11 15:58:30,C0169,L1-00417,P023,View
I001133,2026-08-11 16:00:56,C0103,L1-00249,P026,View
I001134,2026-08-11 16:03:01,C0103,L1-00249,P011,View
I001135,2026-08-11 16:06:00,C0103,L1-00249,P002,View
I001136,2026-08-11 16:07:55,C0103,L1-00249,P020,View
I001137,2026-08-11 16:10:17,C0103,L1-00249,P015,View
I001138,2026-08-11 16:11:49,C0103,L1-00249,P031,View
I001139,2026-08-11 16:13:12,C0103,L1-00249,P034,View
I001140,2026-08-11 16:14:36,C0103,L1-00249,P013,View
I001141,2026-08-11 17:11:54,C0149,L1-00373,P010,View
I001142,2026-08-11 17:13:25,C0149,L1-00373,P010,Add_to_Cart
I001143,2026-08-11 17:13:59,C0149,L1-00373,P032,View
I001144,2026-08-11 17:14:22,C0149,L1-00373,P032,Add_to_Cart
I001145,2026-08-11 17:17:57,C0149,L1-00373,P012,View
I001146,2026-08-11 19:31:55,C0198,L1-00484,P010,View
I001147,2026-08-11 19:32:18,C0198,L1-00484,P007,View
I001148,2026-08-11 19:32:54,C0198,L1-00484,P010,Add_to_Cart
I001149,2026-08-11 19:34:56,C0198,L1-00484,P004,View
I001150,2026-08-11 20:18:21,C0027,L1-00058,P020,View
I001151,2026-08-11 20:19:30,C0027,L1-00058,P020,Add_to_Cart
I001152,2026-08-11 20:21:27,C0027,L1-00058,P030,View
I001153,2026-08-11 20:23:36,C0027,L1-00058,P030,View
I001154,2026-08-11 22:22:39,C0045,L1-00100,P020,View
I001155,2026-08-11 22:25:48,C0045,L1-00100,P019,View
I001156,2026-08-11 22:28:41,C0045,L1-00100,P033,View
I001157,2026-08-11 22:31:19,C0045,L1-00100,P033,View
I001158,2026-08-11 22:33:35,C0045,L1-00100,P024,View
I001159,2026-08-11 22:34:49,C0045,L1-00100,P027,View
I001160,2026-08-11 22:35:39,C0045,L1-00100,P027,Add_to_Cart
I001161,2026-08-12 08:50:10,C0015,L1-00033,P026,View
I001162,2026-08-12 08:53:53,C0015,L1-00033,P022,View
I001163,2026-08-12 08:55:17,C0015,L1-00033,P034,View
I001164,2026-08-12 08:59:06,C0015,L1-00033,P016,View
I001165,2026-08-12 09:01:26,C0015,L1-00033,P025,View
I001166,2026-08-12 09:03:55,C0015,L1-00033,P028,View
I001167,2026-08-12 09:05:28,C0015,L1-00033,P028,View
I001168,2026-08-12 09:09:19,C0015,L1-00033,P028,View
I001169,2026-08-12 09:10:34,C0015,L1-00033,P028,Add_to_Cart
I001170,2026-08-12 09:39:36,C0076,L1-00199,P014,View
I001171,2026-08-12 09:41:51,C0076,L1-00199,P036,View
I001172,2026-08-12 09:45:47,C0076,L1-00199,P001,View
I001173,2026-08-12 10:50:28,C0094,L1-00237,P013,View
I001174,2026-08-12 10:54:27,C0094,L1-00237,P004,View
I001175,2026-08-12 10:55:04,C0094,L1-00237,P004,Add_to_Cart
I001176,2026-08-12 10:56:43,C0094,L1-00237,P006,View
I001177,2026-08-12 10:59:29,C0094,L1-00237,P028,View
I001178,2026-08-12 11:03:11,C0094,L1-00237,P028,View
I001179,2026-08-12 11:04:35,C0094,L1-00237,P028,Add_to_Cart
I001180,2026-08-12 11:06:02,C0094,L1-00237,P013,View
I001181,2026-08-12 11:07:42,C0094,L1-00237,P013,Add_to_Cart
I001182,2026-08-12 11:26:31,C0124,L1-00310,P034,View
I001183,2026-08-12 11:29:49,C0124,L1-00310,P023,View
I001184,2026-08-12 11:33:17,C0124,L1-00310,P013,View
I001185,2026-08-12 11:34:45,C0124,L1-00310,P015,View
I001186,2026-08-12 11:36:40,C0124,L1-00310,P015,Add_to_Cart
I001187,2026-08-12 11:36:41,C0124,L1-00310,P023,View
I001188,2026-08-12 11:37:33,C0145,L1-00365,P024,View
I001189,2026-08-12 11:38:10,C0145,L1-00365,P024,Add_to_Cart
I001190,2026-08-12 11:38:38,C0124,L1-00310,P034,View
I001191,2026-08-12 11:40:29,C0145,L1-00365,P031,View
I001192,2026-08-12 11:41:59,C0145,L1-00365,P031,Add_to_Cart
I001193,2026-08-12 11:44:09,C0145,L1-00365,P008,View
I001194,2026-08-12 11:45:52,C0176,L1-00432,P030,View
I001195,2026-08-12 11:47:55,C0176,L1-00432,P025,View
I001196,2026-08-12 11:49:01,C0176,L1-00432,P020,View
I001197,2026-08-12 11:50:10,C0176,L1-00432,P026,View
I001198,2026-08-12 11:51:32,C0176,L1-00432,P006,View
I001199,2026-08-12 11:52:36,C0176,L1-00432,P006,Add_to_Cart
I001200,2026-08-12 11:54:25,C0176,L1-00432,P035,View
I001201,2026-08-12 11:55:08,C0176,L1-00432,P010,View
I001202,2026-08-12 13:31:56,C0007,L1-00012,P026,View
I001203,2026-08-12 13:32:22,C0007,L1-00012,P026,Add_to_Cart
I001204,2026-08-12 13:34:47,C0007,L1-00012,P034,View
I001205,2026-08-12 13:37:24,C0007,L1-00012,P028,View
I001206,2026-08-12 13:39:04,C0007,L1-00012,P028,Add_to_Cart
I001207,2026-08-12 13:41:05,C0007,L1-00012,P036,View
I001208,2026-08-12 13:42:05,C0007,L1-00012,P015,View
I001209,2026-08-12 13:45:57,C0007,L1-00012,P033,View
I001210,2026-08-12 13:47:17,C0007,L1-00012,P033,Add_to_Cart
I001211,2026-08-12 13:48:13,C0007,L1-00012,P020,View
I001212,2026-08-12 13:50:24,C0007,L1-00012,P021,View
I001213,2026-08-12 14:03:14,C0106,L1-00261,P022,View
I001214,2026-08-12 14:04:21,C0106,L1-00261,P005,View
I001215,2026-08-12 14:05:15,C0106,L1-00261,P005,Add_to_Cart
I001216,2026-08-12 14:07:44,C0106,L1-00261,P007,View
I001217,2026-08-12 14:08:34,C0106,L1-00261,P007,Add_to_Cart
I001218,2026-08-12 14:11:39,C0106,L1-00261,P024,View
I001219,2026-08-12 14:13:14,C0106,L1-00261,P019,View
I001220,2026-08-12 14:14:08,C0106,L1-00261,P015,View
I001221,2026-08-12 14:15:02,C0106,L1-00261,P019,Add_to_Cart
I001222,2026-08-12 14:15:17,C0106,L1-00261,P015,Add_to_Cart
I001223,2026-08-12 14:42:00,C0097,L1-00241,P030,View
I001224,2026-08-12 14:45:48,C0097,L1-00241,P030,View
I001225,2026-08-12 14:46:17,C0097,L1-00241,P025,View
I001226,2026-08-12 14:47:34,C0097,L1-00241,P030,Add_to_Cart
I001227,2026-08-12 16:46:04,C0082,L1-00215,P025,View
I001228,2026-08-12 16:49:26,C0082,L1-00215,P026,View
I001229,2026-08-12 16:52:36,C0082,L1-00215,P032,View
I001230,2026-08-12 16:53:33,C0082,L1-00215,P032,Add_to_Cart
I001231,2026-08-12 17:49:39,C0049,L1-00123,P032,View
I001232,2026-08-12 17:50:33,C0049,L1-00123,P032,Add_to_Cart
I001233,2026-08-12 17:50:39,C0049,L1-00123,P023,View
I001234,2026-08-12 17:51:17,C0049,L1-00123,P023,Add_to_Cart
I001235,2026-08-12 17:54:34,C0049,L1-00123,P021,View
I001236,2026-08-12 17:54:58,C0049,L1-00123,P005,View
I001237,2026-08-12 18:52:42,C0141,L1-00350,P005,View
I001238,2026-08-12 18:54:40,C0141,L1-00350,P005,Add_to_Cart
I001239,2026-08-12 18:54:56,C0141,L1-00350,P023,View
I001240,2026-08-12 18:58:45,C0141,L1-00350,P025,View
I001241,2026-08-12 19:00:19,C0141,L1-00350,P008,View
I001242,2026-08-12 19:03:30,C0141,L1-00350,P009,View
I001243,2026-08-12 19:04:33,C0141,L1-00350,P028,View
I001244,2026-08-12 19:04:57,C0141,L1-00350,P009,Add_to_Cart
I001245,2026-08-12 19:05:24,C0141,L1-00350,P028,View
I001246,2026-08-12 19:05:53,C0141,L1-00350,P028,Add_to_Cart
I001247,2026-08-12 19:46:26,C0064,L1-00162,P012,View
I001248,2026-08-12 19:50:19,C0064,L1-00162,P003,View
I001249,2026-08-12 19:51:02,C0064,L1-00162,P006,View
I001250,2026-08-12 19:53:05,C0064,L1-00162,P024,View
I001251,2026-08-12 19:55:43,C0064,L1-00162,P020,View
I001252,2026-08-12 19:56:29,C0185,L1-00458,P016,View
I001253,2026-08-12 19:57:30,C0064,L1-00162,P020,Add_to_Cart
I001254,2026-08-12 19:58:36,C0185,L1-00458,P025,View
I001255,2026-08-12 19:59:09,C0185,L1-00458,P025,Add_to_Cart
I001256,2026-08-12 19:59:28,C0185,L1-00458,P020,View
I001257,2026-08-12 20:01:42,C0185,L1-00458,P012,View
I001258,2026-08-12 20:04:07,C0185,L1-00458,P023,View
I001259,2026-08-12 20:04:43,C0185,L1-00458,P023,Add_to_Cart
I001260,2026-08-12 20:07:04,C0185,L1-00458,P026,View
I001261,2026-08-12 20:08:29,C0185,L1-00458,P026,Add_to_Cart
I001262,2026-08-12 20:09:51,C0185,L1-00458,P034,View
I001263,2026-08-12 20:11:25,C0185,L1-00458,P034,Add_to_Cart
I001264,2026-08-12 21:51:03,C0163,L1-00403,P031,View
I001265,2026-08-12 21:52:56,C0163,L1-00403,P029,View
I001266,2026-08-12 21:54:48,C0163,L1-00403,P003,View
I001267,2026-08-12 21:57:00,C0163,L1-00403,P034,View
I001268,2026-08-12 21:57:28,C0163,L1-00403,P034,Add_to_Cart
I001269,2026-08-12 21:58:14,C0163,L1-00403,P016,View
I001270,2026-08-12 22:02:12,C0163,L1-00403,P025,View
I001271,2026-08-13 08:16:47,C0036,L1-00080,P010,View
I001272,2026-08-13 08:19:49,C0036,L1-00080,P005,View
I001273,2026-08-13 08:22:58,C0036,L1-00080,P009,View
I001274,2026-08-13 08:26:14,C0036,L1-00080,P011,View
I001275,2026-08-13 08:27:17,C0036,L1-00080,P018,View
I001276,2026-08-13 08:28:15,C0036,L1-00080,P025,View
I001277,2026-08-13 08:28:49,C0036,L1-00080,P025,Add_to_Cart
I001278,2026-08-13 09:07:16,C0187,L1-00460,P025,View
I001279,2026-08-13 09:08:27,C0187,L1-00460,P017,View
I001280,2026-08-13 09:09:29,C0187,L1-00460,P018,View
I001281,2026-08-13 09:09:31,C0187,L1-00460,P017,Add_to_Cart
I001282,2026-08-13 09:10:33,C0187,L1-00460,P018,Add_to_Cart
I001283,2026-08-13 10:27:58,C0170,L1-00420,P033,View
I001284,2026-08-13 10:31:22,C0170,L1-00420,P010,View
I001285,2026-08-13 10:33:07,C0170,L1-00420,P031,View
I001286,2026-08-13 10:35:40,C0170,L1-00420,P015,View
I001287,2026-08-13 10:35:55,C0170,L1-00420,P015,Add_to_Cart
I001288,2026-08-13 10:39:19,C0170,L1-00420,P004,View
I001289,2026-08-13 10:40:23,C0170,L1-00420,P004,Add_to_Cart
I001290,2026-08-13 10:42:51,C0170,L1-00420,P021,View
I001291,2026-08-13 10:55:47,C0059,L1-00148,P009,View
I001292,2026-08-13 10:57:08,C0059,L1-00148,P009,Add_to_Cart
I001293,2026-08-13 10:58:31,C0059,L1-00148,P007,View
I001294,2026-08-13 11:01:12,C0059,L1-00148,P011,View
I001295,2026-08-13 11:01:38,C0059,L1-00148,P030,View
I001296,2026-08-13 11:02:24,C0059,L1-00148,P028,View
I001297,2026-08-13 11:02:41,C0059,L1-00148,P030,Add_to_Cart
I001298,2026-08-13 11:02:54,C0059,L1-00148,P028,Add_to_Cart
I001299,2026-08-13 13:29:13,C0078,L1-00204,P007,View
I001300,2026-08-13 13:30:07,C0078,L1-00204,P007,View
I001301,2026-08-13 13:31:54,C0078,L1-00204,P007,Add_to_Cart
I001302,2026-08-13 13:32:44,C0078,L1-00204,P003,View
I001303,2026-08-13 13:35:30,C0078,L1-00204,P031,View
I001304,2026-08-13 13:37:42,C0078,L1-00204,P026,View
I001305,2026-08-13 13:38:28,C0078,L1-00204,P025,View
I001306,2026-08-13 13:43:56,C0063,L1-00161,P014,View
I001307,2026-08-13 13:47:25,C0063,L1-00161,P009,View
I001308,2026-08-13 13:51:09,C0063,L1-00161,P015,View
I001309,2026-08-13 13:51:48,C0063,L1-00161,P015,Add_to_Cart
I001310,2026-08-13 14:12:56,C0042,L1-00096,P014,View
I001311,2026-08-13 14:14:26,C0042,L1-00096,P015,View
I001312,2026-08-13 14:15:43,C0042,L1-00096,P015,Add_to_Cart
I001313,2026-08-13 14:18:14,C0042,L1-00096,P020,View
I001314,2026-08-13 14:21:06,C0042,L1-00096,P007,View
I001315,2026-08-13 14:22:17,C0042,L1-00096,P020,View
I001316,2026-08-13 14:23:05,C0042,L1-00096,P007,Add_to_Cart
I001317,2026-08-13 14:24:19,C0042,L1-00096,P006,View
I001318,2026-08-13 14:26:34,C0042,L1-00096,P033,View
I001319,2026-08-13 15:06:17,C0077,L1-00201,P009,View
I001320,2026-08-13 15:07:32,C0077,L1-00201,P007,View
I001321,2026-08-13 15:09:54,C0077,L1-00201,P006,View
I001322,2026-08-13 15:12:33,C0077,L1-00201,P009,View
I001323,2026-08-13 15:13:12,C0077,L1-00201,P026,View
I001324,2026-08-13 15:13:47,C0077,L1-00201,P026,Add_to_Cart
I001325,2026-08-13 15:15:12,C0077,L1-00201,P033,View
I001326,2026-08-13 15:42:05,C0140,L1-00344,P001,View
I001327,2026-08-13 15:44:01,C0140,L1-00344,P001,Add_to_Cart
I001328,2026-08-13 15:44:08,C0140,L1-00344,P017,View
I001329,2026-08-13 15:44:23,C0140,L1-00344,P017,Add_to_Cart
I001330,2026-08-13 15:44:33,C0140,L1-00344,P033,View
I001331,2026-08-13 15:45:33,C0140,L1-00344,P011,View
I001332,2026-08-13 15:46:45,C0059,L1-00143,P002,View
I001333,2026-08-13 15:46:54,C0140,L1-00344,P009,View
I001334,2026-08-13 15:48:12,C0140,L1-00344,P030,View
I001335,2026-08-13 15:49:00,C0140,L1-00344,P030,Add_to_Cart
I001336,2026-08-13 15:49:04,C0059,L1-00143,P029,View
I001337,2026-08-13 15:49:45,C0140,L1-00344,P013,View
I001338,2026-08-13 15:50:39,C0059,L1-00143,P029,Add_to_Cart
I001339,2026-08-13 15:52:30,C0059,L1-00143,P033,View
I001340,2026-08-13 15:54:58,C0059,L1-00143,P009,View
I001341,2026-08-13 15:57:58,C0059,L1-00143,P023,View
I001342,2026-08-13 15:58:46,C0059,L1-00143,P023,Add_to_Cart
I001343,2026-08-13 15:59:39,C0059,L1-00143,P008,View
I001344,2026-08-13 16:02:13,C0059,L1-00143,P034,View
I001345,2026-08-13 16:06:01,C0059,L1-00143,P030,View
I001346,2026-08-13 16:12:26,C0194,L1-00468,P008,View
I001347,2026-08-13 16:14:14,C0194,L1-00468,P016,View
I001348,2026-08-13 16:14:47,C0194,L1-00468,P027,View
I001349,2026-08-13 16:16:18,C0194,L1-00468,P027,Add_to_Cart
I001350,2026-08-13 16:18:14,C0194,L1-00468,P001,View
I001351,2026-08-13 16:19:49,C0194,L1-00468,P034,View
I001352,2026-08-13 16:21:14,C0194,L1-00468,P015,View
I001353,2026-08-13 16:22:55,C0194,L1-00468,P011,View
I001354,2026-08-13 16:23:12,C0194,L1-00468,P015,Add_to_Cart
I001355,2026-08-13 16:24:04,C0194,L1-00468,P011,Add_to_Cart
I001356,2026-08-13 16:36:36,C0093,L1-00234,P022,View
I001357,2026-08-13 16:37:19,C0093,L1-00234,P014,View
I001358,2026-08-13 16:37:53,C0093,L1-00234,P014,Add_to_Cart
I001359,2026-08-13 16:38:00,C0093,L1-00234,P022,Add_to_Cart
I001360,2026-08-13 16:41:12,C0093,L1-00234,P004,View
I001361,2026-08-13 17:16:18,C0079,L1-00209,P026,View
I001362,2026-08-13 17:16:48,C0079,L1-00209,P017,View
I001363,2026-08-13 17:18:19,C0079,L1-00209,P017,Add_to_Cart
I001364,2026-08-13 17:19:48,C0079,L1-00209,P020,View
I001365,2026-08-13 17:20:17,C0079,L1-00209,P022,View
I001366,2026-08-13 17:21:03,C0079,L1-00209,P020,Add_to_Cart
I001367,2026-08-13 17:45:41,C0007,L1-00015,P022,View
I001368,2026-08-13 17:48:09,C0007,L1-00015,P018,View
I001369,2026-08-13 17:48:54,C0007,L1-00015,P018,Add_to_Cart
I001370,2026-08-13 17:51:39,C0007,L1-00015,P026,View
I001371,2026-08-13 17:52:47,C0007,L1-00015,P026,Add_to_Cart
I001372,2026-08-13 17:53:47,C0007,L1-00015,P022,View
I001373,2026-08-13 17:54:25,C0007,L1-00015,P022,Add_to_Cart
I001374,2026-08-13 17:55:34,C0007,L1-00015,P028,View
I001375,2026-08-13 18:47:24,C0140,L1-00345,P028,View
I001376,2026-08-13 18:51:09,C0140,L1-00345,P036,View
I001377,2026-08-13 18:52:16,C0140,L1-00345,P036,Add_to_Cart
I001378,2026-08-13 18:54:54,C0140,L1-00345,P008,View
I001379,2026-08-13 18:56:00,C0140,L1-00345,P032,View
I001380,2026-08-13 18:56:24,C0140,L1-00345,P012,View
I001381,2026-08-13 18:56:52,C0140,L1-00345,P012,Add_to_Cart
I001382,2026-08-13 18:56:57,C0140,L1-00345,P020,View
I001383,2026-08-13 18:57:01,C0140,L1-00345,P032,Add_to_Cart
I001384,2026-08-13 19:00:48,C0140,L1-00345,P017,View
I001385,2026-08-13 19:02:11,C0140,L1-00345,P028,View
I001386,2026-08-13 19:02:38,C0140,L1-00345,P028,Add_to_Cart
I001387,2026-08-13 21:34:07,C0035,L1-00075,P015,View
I001388,2026-08-13 21:37:45,C0035,L1-00075,P025,View
I001389,2026-08-13 21:41:35,C0035,L1-00075,P025,View
I001390,2026-08-13 21:43:37,C0035,L1-00075,P017,View
I001391,2026-08-13 21:44:55,C0035,L1-00075,P034,View
I001392,2026-08-13 21:45:19,C0035,L1-00075,P034,Add_to_Cart
I001393,2026-08-13 21:47:26,C0035,L1-00075,P030,View
I001394,2026-08-14 08:29:02,C0098,L1-00243,P018,View
I001395,2026-08-14 08:29:38,C0098,L1-00243,P007,View
I001396,2026-08-14 08:29:44,C0098,L1-00243,P018,Add_to_Cart
I001397,2026-08-14 08:30:01,C0098,L1-00243,P028,View
I001398,2026-08-14 08:30:59,C0098,L1-00243,P004,View
I001399,2026-08-14 08:31:45,C0098,L1-00243,P004,Add_to_Cart
I001400,2026-08-14 08:34:06,C0098,L1-00243,P021,View
I001401,2026-08-14 08:37:39,C0098,L1-00243,P024,View
I001402,2026-08-14 08:38:32,C0098,L1-00243,P030,View
I001403,2026-08-14 08:39:53,C0098,L1-00243,P030,Add_to_Cart
I001404,2026-08-14 12:38:54,C0175,L1-00431,P029,View
I001405,2026-08-14 12:40:37,C0175,L1-00431,P009,View
I001406,2026-08-14 12:41:29,C0175,L1-00431,P017,View
I001407,2026-08-14 12:41:44,C0175,L1-00431,P017,Add_to_Cart
I001408,2026-08-14 12:42:25,C0175,L1-00431,P007,View
I001409,2026-08-14 13:42:23,C0067,L1-00179,P005,View
I001410,2026-08-14 13:43:56,C0067,L1-00179,P031,View
I001411,2026-08-14 13:46:51,C0067,L1-00179,P025,View
I001412,2026-08-14 13:48:48,C0067,L1-00179,P025,Add_to_Cart
I001413,2026-08-14 14:20:05,C0016,L1-00035,P016,View
I001414,2026-08-14 14:21:37,C0016,L1-00035,P019,View
I001415,2026-08-14 14:23:35,C0016,L1-00035,P019,Add_to_Cart
I001416,2026-08-14 14:25:16,C0016,L1-00035,P007,View
I001417,2026-08-14 14:26:14,C0016,L1-00035,P007,Add_to_Cart
I001418,2026-08-14 14:28:11,C0046,L1-00108,P033,View
I001419,2026-08-14 14:28:52,C0016,L1-00035,P016,View
I001420,2026-08-14 14:30:24,C0016,L1-00035,P016,Add_to_Cart
I001421,2026-08-14 14:30:47,C0016,L1-00035,P010,View
I001422,2026-08-14 14:31:02,C0046,L1-00108,P030,View
I001423,2026-08-14 14:31:39,C0046,L1-00108,P030,Add_to_Cart
I001424,2026-08-14 14:33:36,C0046,L1-00108,P036,View
I001425,2026-08-14 14:34:11,C0016,L1-00035,P011,View
I001426,2026-08-14 14:35:59,C0016,L1-00035,P011,Add_to_Cart
I001427,2026-08-14 14:36:41,C0046,L1-00108,P033,View
I001428,2026-08-14 14:37:47,C0046,L1-00108,P024,View
I001429,2026-08-14 14:38:44,C0046,L1-00108,P002,View
I001430,2026-08-14 14:39:49,C0046,L1-00108,P002,Add_to_Cart
I001431,2026-08-14 14:52:34,C0045,L1-00101,P027,View
I001432,2026-08-14 14:54:31,C0045,L1-00101,P019,View
I001433,2026-08-14 14:58:04,C0045,L1-00101,P010,View
I001434,2026-08-14 14:58:33,C0045,L1-00101,P010,Add_to_Cart
I001435,2026-08-14 14:59:59,C0045,L1-00101,P018,View
I001436,2026-08-14 15:00:21,C0045,L1-00101,P018,Add_to_Cart
I001437,2026-08-14 15:02:29,C0045,L1-00101,P025,View
I001438,2026-08-14 15:03:25,C0045,L1-00101,P025,Add_to_Cart
I001439,2026-08-14 15:10:21,C0052,L1-00133,P009,View
I001440,2026-08-14 15:11:55,C0052,L1-00133,P009,Add_to_Cart
I001441,2026-08-14 15:12:57,C0052,L1-00133,P015,View
I001442,2026-08-14 15:16:28,C0052,L1-00133,P002,View
I001443,2026-08-14 15:17:21,C0052,L1-00133,P002,Add_to_Cart
I001444,2026-08-14 15:32:26,C0161,L1-00398,P020,View
I001445,2026-08-14 15:33:34,C0161,L1-00398,P007,View
I001446,2026-08-14 15:37:10,C0161,L1-00398,P029,View
I001447,2026-08-14 15:38:48,C0161,L1-00398,P029,View
I001448,2026-08-14 15:40:33,C0161,L1-00398,P031,View
I001449,2026-08-14 15:42:06,C0161,L1-00398,P031,Add_to_Cart
I001450,2026-08-14 19:06:40,C0062,L1-00159,P001,View
I001451,2026-08-14 19:10:17,C0062,L1-00159,P013,View
I001452,2026-08-14 19:11:20,C0062,L1-00159,P011,View
I001453,2026-08-14 19:12:05,C0062,L1-00159,P013,Add_to_Cart
I001454,2026-08-14 19:12:55,C0062,L1-00159,P029,View
I001455,2026-08-14 19:16:16,C0062,L1-00159,P010,View
I001456,2026-08-14 19:16:53,C0062,L1-00159,P007,View
I001457,2026-08-15 08:31:41,C0133,L1-00327,P004,View
I001458,2026-08-15 08:32:31,C0133,L1-00327,P032,View
I001459,2026-08-15 08:32:57,C0133,L1-00327,P032,Add_to_Cart
I001460,2026-08-15 08:36:00,C0133,L1-00327,P003,View
I001461,2026-08-15 08:36:49,C0133,L1-00327,P003,Add_to_Cart
I001462,2026-08-15 08:36:58,C0133,L1-00327,P028,View
I001463,2026-08-15 08:37:38,C0133,L1-00327,P023,View
I001464,2026-08-15 10:49:14,C0120,L1-00303,P006,View
I001465,2026-08-15 10:50:41,C0120,L1-00303,P006,Add_to_Cart
I001466,2026-08-15 10:52:35,C0120,L1-00303,P010,View
I001467,2026-08-15 10:55:02,C0120,L1-00303,P018,View
I001468,2026-08-15 10:56:28,C0120,L1-00303,P015,View
I001469,2026-08-15 11:31:43,C0055,L1-00138,P030,View
I001470,2026-08-15 11:32:41,C0055,L1-00138,P031,View
I001471,2026-08-15 11:33:30,C0055,L1-00138,P031,View
I001472,2026-08-15 11:34:10,C0055,L1-00138,P031,Add_to_Cart
I001473,2026-08-15 12:25:19,C0118,L1-00299,P026,View
I001474,2026-08-15 12:26:51,C0118,L1-00299,P023,View
I001475,2026-08-15 12:27:43,C0118,L1-00299,P023,Add_to_Cart
I001476,2026-08-15 12:29:16,C0118,L1-00299,P031,View
I001477,2026-08-15 12:31:18,C0118,L1-00299,P006,View
I001478,2026-08-15 12:33:06,C0118,L1-00299,P006,Add_to_Cart
I001479,2026-08-15 12:41:49,C0036,L1-00077,P006,View
I001480,2026-08-15 12:45:22,C0036,L1-00077,P017,View
I001481,2026-08-15 12:46:52,C0036,L1-00077,P017,Add_to_Cart
I001482,2026-08-15 12:47:27,C0036,L1-00077,P033,View
I001483,2026-08-15 12:48:22,C0037,L1-00086,P026,View
I001484,2026-08-15 12:51:10,C0036,L1-00077,P016,View
I001485,2026-08-15 12:51:11,C0037,L1-00086,P030,View
I001486,2026-08-15 12:54:47,C0037,L1-00086,P014,View
I001487,2026-08-15 12:55:06,C0037,L1-00086,P014,Add_to_Cart
I001488,2026-08-15 12:55:06,C0036,L1-00077,P030,View
I001489,2026-08-15 12:56:22,C0037,L1-00086,P011,View
I001490,2026-08-15 12:58:42,C0036,L1-00077,P015,View
I001491,2026-08-15 13:00:14,C0037,L1-00086,P032,View
I001492,2026-08-15 13:00:37,C0037,L1-00086,P016,View
I001493,2026-08-15 13:01:31,C0037,L1-00086,P016,Add_to_Cart
I001494,2026-08-15 13:04:09,C0037,L1-00086,P021,View
I001495,2026-08-15 13:04:59,C0037,L1-00086,P013,View
I001496,2026-08-15 13:05:49,C0037,L1-00086,P013,Add_to_Cart
I001497,2026-08-15 13:51:36,C0104,L1-00255,P009,View
I001498,2026-08-15 13:54:24,C0104,L1-00255,P015,View
I001499,2026-08-15 13:55:31,C0104,L1-00255,P015,Add_to_Cart
I001500,2026-08-15 13:56:21,C0104,L1-00255,P031,View
I001501,2026-08-15 13:58:14,C0104,L1-00255,P031,Add_to_Cart
I001502,2026-08-15 14:26:56,C0049,L1-00121,P015,View
I001503,2026-08-15 14:28:15,C0125,L1-00314,P006,View
I001504,2026-08-15 14:30:08,C0049,L1-00121,P021,View
I001505,2026-08-15 14:31:52,C0125,L1-00314,P012,View
I001506,2026-08-15 14:32:22,C0049,L1-00121,P009,View
I001507,2026-08-15 14:32:26,C0125,L1-00314,P025,View
I001508,2026-08-15 14:33:32,C0049,L1-00121,P009,Add_to_Cart
I001509,2026-08-15 14:33:50,C0125,L1-00314,P012,Add_to_Cart
I001510,2026-08-15 14:35:49,C0049,L1-00121,P025,View
I001511,2026-08-15 14:37:02,C0049,L1-00121,P028,View
I001512,2026-08-15 14:38:06,C0196,L1-00479,P023,View
I001513,2026-08-15 14:40:53,C0196,L1-00479,P009,View
I001514,2026-08-15 14:42:25,C0196,L1-00479,P009,Add_to_Cart
I001515,2026-08-15 14:43:12,C0196,L1-00479,P028,View
I001516,2026-08-15 14:44:58,C0196,L1-00479,P023,View
I001517,2026-08-15 14:45:26,C0196,L1-00479,P023,Add_to_Cart
I001518,2026-08-15 14:46:56,C0196,L1-00479,P018,View
I001519,2026-08-15 14:49:25,C0064,L1-00164,P020,View
I001520,2026-08-15 14:51:51,C0064,L1-00164,P011,View
I001521,2026-08-15 14:54:28,C0064,L1-00164,P020,View
I001522,2026-08-15 14:55:30,C0064,L1-00164,P004,View
I001523,2026-08-15 14:56:30,C0064,L1-00164,P004,Add_to_Cart
I001524,2026-08-15 14:58:53,C0064,L1-00164,P036,View
I001525,2026-08-15 15:00:12,C0064,L1-00164,P036,Add_to_Cart
I001526,2026-08-15 15:01:37,C0064,L1-00164,P017,View
I001527,2026-08-15 15:02:40,C0114,L1-00288,P028,View
I001528,2026-08-15 15:04:43,C0114,L1-00288,P005,View
I001529,2026-08-15 15:06:16,C0114,L1-00288,P034,View
I001530,2026-08-15 15:06:35,C0114,L1-00288,P034,Add_to_Cart
I001531,2026-08-15 15:06:47,C0114,L1-00288,P030,View
I001532,2026-08-15 15:10:11,C0114,L1-00288,P015,View
I001533,2026-08-15 15:10:27,C0114,L1-00288,P015,Add_to_Cart
I001534,2026-08-15 15:21:44,C0185,L1-00457,P011,View
I001535,2026-08-15 15:22:52,C0185,L1-00457,P006,View
I001536,2026-08-15 15:23:46,C0185,L1-00457,P006,Add_to_Cart
I001537,2026-08-15 15:23:54,C0185,L1-00457,P004,View
I001538,2026-08-15 15:25:32,C0185,L1-00457,P005,View
I001539,2026-08-15 15:28:43,C0185,L1-00457,P016,View
I001540,2026-08-15 15:32:14,C0185,L1-00457,P018,View
I001541,2026-08-15 15:33:57,C0185,L1-00457,P025,View
I001542,2026-08-15 16:25:44,C0091,L1-00230,P012,View
I001543,2026-08-15 16:26:09,C0091,L1-00230,P012,Add_to_Cart
I001544,2026-08-15 16:27:00,C0086,L2-00002,P026,View
I001545,2026-08-15 16:27:24,C0091,L1-00230,P004,View
I001546,2026-08-15 16:30:26,C0091,L1-00230,P010,View
I001547,2026-08-15 16:31:27,C0091,L1-00230,P010,Add_to_Cart
I001548,2026-08-15 16:32:11,C0091,L1-00230,P007,View
I001549,2026-08-15 16:33:00,C0106,L2-00001,P013,View
I001550,2026-08-15 16:33:17,C0091,L1-00230,P007,Add_to_Cart
I001551,2026-08-15 16:34:14,C0091,L1-00230,P009,View
I001552,2026-08-15 16:34:37,C0106,L2-00001,P013,Add_to_Cart
I001553,2026-08-15 16:35:14,C0091,L1-00230,P025,View
I001554,2026-08-15 16:35:56,C0091,L1-00230,P025,Add_to_Cart
I001555,2026-08-15 16:40:41,C0144,L1-00364,P012,View
I001556,2026-08-15 16:42:40,C0177,L1-00436,P004,View
I001557,2026-08-15 16:43:35,C0144,L1-00364,P020,View
I001558,2026-08-15 16:44:11,C0144,L1-00364,P020,Add_to_Cart
I001559,2026-08-15 16:46:05,C0177,L1-00436,P017,View
I001560,2026-08-15 16:47:21,C0144,L1-00364,P009,View
I001561,2026-08-15 16:47:38,C0177,L1-00436,P034,View
I001562,2026-08-15 16:48:13,C0177,L1-00436,P034,Add_to_Cart
I001563,2026-08-15 16:50:58,C0150,L1-00377,P028,View
I001564,2026-08-15 16:51:58,C0150,L1-00377,P028,Add_to_Cart
I001565,2026-08-15 16:53:18,C0150,L1-00377,P014,View
I001566,2026-08-15 16:55:09,C0150,L1-00377,P014,Add_to_Cart
I001567,2026-08-15 16:56:43,C0150,L1-00377,P030,View
I001568,2026-08-15 16:57:05,C0150,L1-00377,P030,Add_to_Cart
I001569,2026-08-15 16:59:03,C0150,L1-00377,P031,View
I001570,2026-08-15 17:01:49,C0150,L1-00377,P031,View
I001571,2026-08-15 17:02:43,C0107,L1-00266,P024,View
I001572,2026-08-15 17:02:59,C0150,L1-00377,P031,Add_to_Cart
I001573,2026-08-15 17:03:13,C0107,L1-00266,P026,View
I001574,2026-08-15 17:03:37,C0107,L1-00266,P026,Add_to_Cart
I001575,2026-08-15 17:04:48,C0150,L1-00377,P017,View
I001576,2026-08-15 17:05:55,C0107,L1-00266,P024,View
I001577,2026-08-15 17:07:42,C0107,L1-00266,P024,Add_to_Cart
I001578,2026-08-15 17:51:23,C0049,L1-00120,P007,View
I001579,2026-08-15 17:51:42,C0049,L1-00120,P007,Add_to_Cart
I001580,2026-08-15 17:53:46,C0049,L1-00120,P035,View
I001581,2026-08-15 17:56:35,C0049,L1-00120,P020,View
I001582,2026-08-15 17:58:32,C0049,L1-00120,P020,Add_to_Cart
I001583,2026-08-15 17:59:11,C0049,L1-00120,P026,View
I001584,2026-08-15 18:00:02,C0049,L1-00120,P006,View
I001585,2026-08-15 19:32:36,C0168,L1-00415,P030,View
I001586,2026-08-15 19:33:12,C0168,L1-00415,P015,View
I001587,2026-08-15 19:36:49,C0168,L1-00415,P007,View
I001588,2026-08-15 19:38:30,C0168,L1-00415,P010,View
I001589,2026-08-15 19:39:24,C0168,L1-00415,P010,Add_to_Cart
I001590,2026-08-15 20:07:38,C0009,L1-00017,P032,View
I001591,2026-08-15 20:11:37,C0009,L1-00017,P022,View
I001592,2026-08-15 20:12:44,C0009,L1-00017,P009,View
I001593,2026-08-15 20:14:02,C0009,L1-00017,P009,Add_to_Cart
I001594,2026-08-16 08:10:00,C0048,L2-00006,P030,View
I001595,2026-08-16 08:21:47,C0011,L1-00022,P034,View
I001596,2026-08-16 08:25:43,C0011,L1-00022,P029,View
I001597,2026-08-16 08:28:43,C0011,L1-00022,P031,View
I001598,2026-08-16 08:30:26,C0167,L1-00413,P018,View
I001599,2026-08-16 08:30:54,C0167,L1-00413,P015,View
I001600,2026-08-16 08:31:41,C0011,L1-00022,P034,View
I001601,2026-08-16 08:32:09,C0167,L1-00413,P024,View
I001602,2026-08-16 08:32:11,C0011,L1-00022,P034,Add_to_Cart
I001603,2026-08-16 08:33:16,C0167,L1-00413,P024,Add_to_Cart
I001604,2026-08-16 08:33:33,C0167,L1-00413,P007,View
I001605,2026-08-16 08:36:21,C0167,L1-00413,P004,View
I001606,2026-08-16 09:31:06,C0010,L1-00020,P001,View
I001607,2026-08-16 09:33:01,C0010,L1-00020,P001,View
I001608,2026-08-16 09:34:18,C0010,L1-00020,P001,Add_to_Cart
I001609,2026-08-16 09:35:09,C0010,L1-00020,P013,View
I001610,2026-08-16 10:25:35,C0140,L1-00346,P030,View
I001611,2026-08-16 10:28:22,C0140,L1-00346,P023,View
I001612,2026-08-16 10:28:45,C0140,L1-00346,P015,View
I001613,2026-08-16 10:30:12,C0140,L1-00346,P015,View
I001614,2026-08-16 10:31:00,C0140,L1-00346,P015,Add_to_Cart
I001615,2026-08-16 10:33:38,C0140,L1-00346,P036,View
I001616,2026-08-16 10:34:32,C0140,L1-00346,P036,Add_to_Cart
I001617,2026-08-16 10:36:51,C0140,L1-00346,P013,View
I001618,2026-08-16 10:37:36,C0140,L1-00346,P013,Add_to_Cart
I001619,2026-08-16 10:38:57,C0140,L1-00346,P012,View
I001620,2026-08-16 10:41:27,C0140,L1-00346,P011,View
I001621,2026-08-16 13:15:58,C0066,L1-00172,P020,View
I001622,2026-08-16 13:16:28,C0066,L1-00172,P030,View
I001623,2026-08-16 13:17:02,C0066,L1-00172,P020,Add_to_Cart
I001624,2026-08-16 13:20:19,C0066,L1-00172,P024,View
I001625,2026-08-16 13:21:13,C0066,L1-00172,P024,Add_to_Cart
I001626,2026-08-16 13:22:42,C0066,L1-00172,P010,View
I001627,2026-08-16 13:23:00,C0066,L1-00172,P010,Add_to_Cart
I001628,2026-08-16 13:26:09,C0066,L1-00172,P016,View
I001629,2026-08-16 13:28:18,C0066,L1-00172,P028,View
I001630,2026-08-16 13:35:22,C0150,L1-00376,P003,View
I001631,2026-08-16 13:38:09,C0150,L1-00376,P020,View
I001632,2026-08-16 13:38:31,C0150,L1-00376,P015,View
I001633,2026-08-16 13:39:35,C0150,L1-00376,P020,Add_to_Cart
I001634,2026-08-16 13:41:06,C0150,L1-00376,P018,View
I001635,2026-08-16 13:42:57,C0150,L1-00376,P018,Add_to_Cart
I001636,2026-08-16 14:37:15,C0141,L1-00353,P034,View
I001637,2026-08-16 14:38:01,C0141,L1-00353,P014,View
I001638,2026-08-16 14:40:11,C0141,L1-00353,P034,View
I001639,2026-08-16 14:44:05,C0141,L1-00353,P018,View
I001640,2026-08-16 14:44:59,C0141,L1-00353,P025,View
I001641,2026-08-16 14:44:59,C0141,L1-00353,P018,Add_to_Cart
I001642,2026-08-16 14:58:00,C0096,L2-00007,P030,View
I001643,2026-08-16 14:58:14,C0106,L1-00264,P010,View
I001644,2026-08-16 14:58:52,C0106,L1-00264,P010,Add_to_Cart
I001645,2026-08-16 14:59:35,C0106,L1-00264,P024,View
I001646,2026-08-16 15:00:07,C0106,L1-00264,P025,View
I001647,2026-08-16 15:01:57,C0106,L1-00264,P025,Add_to_Cart
I001648,2026-08-16 15:02:00,C0106,L1-00264,P031,View
I001649,2026-08-16 15:09:04,C0176,L1-00433,P008,View
I001650,2026-08-16 15:12:52,C0176,L1-00433,P017,View
I001651,2026-08-16 15:13:51,C0176,L1-00433,P017,Add_to_Cart
I001652,2026-08-16 15:15:13,C0176,L1-00433,P030,View
I001653,2026-08-16 15:18:45,C0176,L1-00433,P013,View
I001654,2026-08-16 15:21:14,C0176,L1-00433,P015,View
I001655,2026-08-16 15:22:50,C0176,L1-00433,P015,Add_to_Cart
I001656,2026-08-16 15:24:09,C0176,L1-00433,P009,View
I001657,2026-08-16 15:26:21,C0176,L1-00433,P027,View
I001658,2026-08-16 15:35:00,C0040,L2-00003,P013,View
I001659,2026-08-16 15:35:43,C0040,L2-00003,P013,Add_to_Cart
I001660,2026-08-16 15:46:46,C0199,L1-00485,P004,View
I001661,2026-08-16 15:50:30,C0199,L1-00485,P028,View
I001662,2026-08-16 15:51:04,C0199,L1-00485,P015,View
I001663,2026-08-16 15:52:41,C0199,L1-00485,P017,View
I001664,2026-08-16 15:56:00,C0199,L1-00485,P023,View
I001665,2026-08-16 15:57:07,C0199,L1-00485,P023,Add_to_Cart
I001666,2026-08-16 15:57:43,C0199,L1-00485,P010,View
I001667,2026-08-16 16:38:44,C0115,L1-00290,P026,View
I001668,2026-08-16 16:38:55,C0088,L1-00227,P016,View
I001669,2026-08-16 16:39:58,C0115,L1-00290,P017,View
I001670,2026-08-16 16:39:59,C0031,L1-00068,P031,View
I001671,2026-08-16 16:40:24,C0115,L1-00290,P009,View
I001672,2026-08-16 16:40:40,C0031,L1-00068,P006,View
I001673,2026-08-16 16:41:16,C0031,L1-00068,P026,View
I001674,2026-08-16 16:42:05,C0031,L1-00068,P006,Add_to_Cart
I001675,2026-08-16 16:42:39,C0088,L1-00227,P010,View
I001676,2026-08-16 16:44:42,C0031,L1-00068,P031,View
I001677,2026-08-16 16:45:14,C0031,L1-00068,P014,View
I001678,2026-08-16 16:45:17,C0031,L1-00068,P031,Add_to_Cart
I001679,2026-08-16 16:46:34,C0088,L1-00227,P022,View
I001680,2026-08-16 16:46:39,C0031,L1-00068,P014,Add_to_Cart
I001681,2026-08-16 16:46:50,C0031,L1-00068,P010,View
I001682,2026-08-16 16:47:48,C0031,L1-00068,P023,View
I001683,2026-08-16 16:48:03,C0031,L1-00068,P010,Add_to_Cart
I001684,2026-08-16 16:48:11,C0031,L1-00068,P023,Add_to_Cart
I001685,2026-08-16 16:48:42,C0088,L1-00227,P001,View
I001686,2026-08-16 16:49:03,C0088,L1-00227,P001,Add_to_Cart
I001687,2026-08-16 16:49:49,C0031,L1-00068,P013,View
I001688,2026-08-16 16:52:11,C0088,L1-00227,P034,View
I001689,2026-08-16 16:53:19,C0088,L1-00227,P034,Add_to_Cart
I001690,2026-08-16 17:44:26,C0181,L1-00440,P018,View
I001691,2026-08-16 17:44:56,C0181,L1-00440,P006,View
I001692,2026-08-16 17:48:04,C0181,L1-00440,P002,View
I001693,2026-08-16 17:48:41,C0181,L1-00440,P002,Add_to_Cart
I001694,2026-08-16 18:15:10,C0079,L1-00210,P015,View
I001695,2026-08-16 18:15:44,C0079,L1-00210,P015,Add_to_Cart
I001696,2026-08-16 18:18:36,C0079,L1-00210,P010,View
I001697,2026-08-16 18:21:41,C0079,L1-00210,P018,View
I001698,2026-08-16 18:22:49,C0079,L1-00210,P017,View
I001699,2026-08-16 18:26:03,C0079,L1-00210,P007,View
I001700,2026-08-16 18:28:02,C0079,L1-00210,P007,Add_to_Cart
I001701,2026-08-16 18:47:11,C0036,L1-00078,P030,View
I001702,2026-08-16 18:49:38,C0036,L1-00078,P026,View
I001703,2026-08-16 18:50:30,C0036,L1-00078,P002,View
I001704,2026-08-16 18:54:26,C0036,L1-00078,P030,View
I001705,2026-08-16 18:54:46,C0036,L1-00078,P022,View
I001706,2026-08-16 18:57:56,C0042,L1-00094,P024,View
I001707,2026-08-16 19:00:24,C0042,L1-00094,P005,View
I001708,2026-08-16 19:02:06,C0042,L1-00094,P011,View
I001709,2026-08-16 19:02:27,C0042,L1-00094,P004,View
I001710,2026-08-16 19:04:39,C0042,L1-00094,P019,View
I001711,2026-08-16 19:05:31,C0042,L1-00094,P019,Add_to_Cart
I001712,2026-08-16 19:07:45,C0005,L1-00008,P029,View
I001713,2026-08-16 19:08:56,C0005,L1-00008,P013,View
I001714,2026-08-16 19:09:45,C0005,L1-00008,P013,Add_to_Cart
I001715,2026-08-16 19:09:58,C0005,L1-00008,P023,View
I001716,2026-08-16 21:05:00,C0013,L2-00005,P026,View
I001717,2026-08-16 21:19:00,C0032,L2-00004,P022,View
I001718,2026-08-16 22:08:17,C0010,L1-00021,P009,View
I001719,2026-08-16 22:10:03,C0010,L1-00021,P009,Add_to_Cart
I001720,2026-08-16 22:12:15,C0010,L1-00021,P023,View
I001721,2026-08-16 22:12:54,C0010,L1-00021,P021,View
I001722,2026-08-17 08:13:52,C0194,L1-00471,P034,View
I001723,2026-08-17 08:15:09,C0194,L1-00471,P034,Add_to_Cart
I001724,2026-08-17 08:16:12,C0194,L1-00471,P031,View
I001725,2026-08-17 08:19:01,C0194,L1-00471,P030,View
I001726,2026-08-17 08:19:38,C0194,L1-00471,P027,View
I001727,2026-08-17 08:21:12,C0194,L1-00471,P018,View
I001728,2026-08-17 08:21:49,C0194,L1-00471,P018,Add_to_Cart
I001729,2026-08-17 08:24:14,C0194,L1-00471,P017,View
I001730,2026-08-17 08:38:08,C0163,L1-00402,P018,View
I001731,2026-08-17 08:39:07,C0163,L1-00402,P018,Add_to_Cart
I001732,2026-08-17 08:40:18,C0163,L1-00402,P011,View
I001733,2026-08-17 08:41:17,C0163,L1-00402,P009,View
I001734,2026-08-17 08:43:22,C0163,L1-00402,P004,View
I001735,2026-08-17 08:44:25,C0163,L1-00402,P004,Add_to_Cart
I001736,2026-08-17 08:45:35,C0163,L1-00402,P022,View
I001737,2026-08-17 08:48:00,C0143,L2-00015,P026,View
I001738,2026-08-17 09:43:00,C0093,L2-00013,P022,View
I001739,2026-08-17 09:46:10,C0071,L1-00184,P027,View
I001740,2026-08-17 09:47:00,C0042,L2-00011,P013,View
I001741,2026-08-17 09:47:02,C0071,L1-00184,P011,View
I001742,2026-08-17 09:48:26,C0071,L1-00184,P011,Add_to_Cart
I001743,2026-08-17 09:48:39,C0071,L1-00184,P030,View
I001744,2026-08-17 11:00:50,C0050,L1-00131,P030,View
I001745,2026-08-17 11:02:16,C0050,L1-00131,P024,View
I001746,2026-08-17 11:03:32,C0050,L1-00131,P032,View
I001747,2026-08-17 11:06:00,C0050,L1-00131,P007,View
I001748,2026-08-17 11:07:26,C0050,L1-00131,P007,Add_to_Cart
I001749,2026-08-17 11:09:42,C0050,L1-00131,P004,View
I001750,2026-08-17 11:11:06,C0050,L1-00131,P004,Add_to_Cart
I001751,2026-08-17 13:00:59,C0189,L1-00462,P007,View
I001752,2026-08-17 13:01:39,C0189,L1-00462,P007,Add_to_Cart
I001753,2026-08-17 13:03:12,C0189,L1-00462,P025,View
I001754,2026-08-17 13:03:41,C0189,L1-00462,P031,View
I001755,2026-08-17 13:04:12,C0189,L1-00462,P031,Add_to_Cart
I001756,2026-08-17 13:04:43,C0072,L1-00186,P015,View
I001757,2026-08-17 13:05:51,C0072,L1-00186,P007,View
I001758,2026-08-17 13:06:17,C0072,L1-00186,P015,Add_to_Cart
I001759,2026-08-17 13:06:43,C0072,L1-00186,P031,View
I001760,2026-08-17 13:10:22,C0072,L1-00186,P025,View
I001761,2026-08-17 13:10:51,C0072,L1-00186,P024,View
I001762,2026-08-17 13:11:15,C0072,L1-00186,P025,Add_to_Cart
I001763,2026-08-17 13:12:41,C0072,L1-00186,P024,Add_to_Cart
I001764,2026-08-17 14:09:00,C0124,L2-00017,P030,View
I001765,2026-08-17 14:49:00,C0198,L2-00018,P030,View
I001766,2026-08-17 15:07:28,C0152,L1-00382,P010,View
I001767,2026-08-17 15:10:38,C0152,L1-00382,P024,View
I001768,2026-08-17 15:13:19,C0152,L1-00382,P032,View
I001769,2026-08-17 15:16:50,C0152,L1-00382,P009,View
I001770,2026-08-17 15:18:44,C0152,L1-00382,P005,View
I001771,2026-08-17 15:19:00,C0169,L2-00016,P026,View
I001772,2026-08-17 15:19:15,C0152,L1-00382,P032,View
I001773,2026-08-17 15:21:09,C0152,L1-00382,P032,Add_to_Cart
I001774,2026-08-17 15:47:25,C0012,L1-00024,P025,View
I001775,2026-08-17 15:49:53,C0012,L1-00024,P019,View
I001776,2026-08-17 15:51:45,C0012,L1-00024,P010,View
I001777,2026-08-17 15:53:28,C0012,L1-00024,P018,View
I001778,2026-08-17 15:55:20,C0012,L1-00024,P026,View
I001779,2026-08-17 15:55:49,C0012,L1-00024,P034,View
I001780,2026-08-17 16:07:00,C0071,L2-00010,P013,View
I001781,2026-08-17 16:13:10,C0167,L1-00414,P025,View
I001782,2026-08-17 16:13:43,C0167,L1-00414,P027,View
I001783,2026-08-17 16:16:59,C0167,L1-00414,P010,View
I001784,2026-08-17 16:17:29,C0167,L1-00414,P034,View
I001785,2026-08-17 16:18:02,C0167,L1-00414,P013,View
I001786,2026-08-17 16:18:06,C0167,L1-00414,P034,Add_to_Cart
I001787,2026-08-17 16:18:20,C0167,L1-00414,P010,Add_to_Cart
I001788,2026-08-17 16:40:55,C0147,L1-00370,P002,View
I001789,2026-08-17 16:42:17,C0147,L1-00370,P002,Add_to_Cart
I001790,2026-08-17 16:43:00,C0147,L1-00370,P021,View
I001791,2026-08-17 16:43:56,C0147,L1-00370,P021,Add_to_Cart
I001792,2026-08-17 16:45:52,C0147,L1-00370,P025,View
I001793,2026-08-17 16:47:09,C0147,L1-00370,P024,View
I001794,2026-08-17 16:49:43,C0147,L1-00370,P010,View
I001795,2026-08-17 16:51:32,C0147,L1-00370,P010,View
I001796,2026-08-17 16:57:00,C0080,L2-00008,P013,View
I001797,2026-08-17 17:11:00,C0114,L2-00009,P013,View
I001798,2026-08-17 17:12:45,C0114,L2-00009,P013,Add_to_Cart
I001799,2026-08-17 17:25:26,C0035,L1-00076,P015,View
I001800,2026-08-17 17:26:31,C0035,L1-00076,P015,View
I001801,2026-08-17 17:29:41,C0035,L1-00076,P013,View
I001802,2026-08-17 17:30:59,C0035,L1-00076,P013,View
I001803,2026-08-17 17:34:19,C0035,L1-00076,P012,View
I001804,2026-08-17 17:34:59,C0035,L1-00076,P012,Add_to_Cart
I001805,2026-08-17 17:59:46,C0078,L1-00208,P015,View
I001806,2026-08-17 18:00:26,C0078,L1-00208,P015,View
I001807,2026-08-17 18:01:45,C0078,L1-00208,P015,Add_to_Cart
I001808,2026-08-17 18:04:11,C0078,L1-00208,P001,View
I001809,2026-08-17 18:07:42,C0078,L1-00208,P024,View
I001810,2026-08-17 18:09:31,C0078,L1-00208,P032,View
I001811,2026-08-17 18:10:25,C0078,L1-00208,P007,View
I001812,2026-08-17 18:11:10,C0078,L1-00208,P009,View
I001813,2026-08-17 18:14:27,C0078,L1-00208,P021,View
I001814,2026-08-17 18:15:08,C0078,L1-00208,P021,Add_to_Cart
I001815,2026-08-17 18:30:18,C0092,L1-00232,P023,View
I001816,2026-08-17 18:31:51,C0092,L1-00232,P023,Add_to_Cart
I001817,2026-08-17 18:32:20,C0092,L1-00232,P022,View
I001818,2026-08-17 18:35:34,C0092,L1-00232,P031,View
I001819,2026-08-17 18:38:53,C0092,L1-00232,P028,View
I001820,2026-08-17 18:39:34,C0092,L1-00232,P036,View
I001821,2026-08-17 18:43:00,C0046,L2-00014,P026,View
I001822,2026-08-17 18:43:12,C0092,L1-00232,P003,View
I001823,2026-08-17 19:34:00,C0038,L2-00012,P017,View
I001824,2026-08-17 19:46:32,C0001,L1-00002,P035,View
I001825,2026-08-17 19:47:10,C0001,L1-00002,P033,View
I001826,2026-08-17 19:48:20,C0001,L1-00002,P035,Add_to_Cart
I001827,2026-08-17 19:49:54,C0001,L1-00002,P025,View
I001828,2026-08-18 09:00:43,C0162,L1-00400,P011,View
I001829,2026-08-18 09:02:53,C0162,L1-00400,P025,View
I001830,2026-08-18 09:04:11,C0162,L1-00400,P018,View
I001831,2026-08-18 09:05:03,C0162,L1-00400,P025,View
I001832,2026-08-18 09:06:12,C0162,L1-00400,P030,View
I001833,2026-08-18 09:07:04,C0162,L1-00400,P030,Add_to_Cart
I001834,2026-08-18 09:36:54,C0037,L1-00084,P012,View
I001835,2026-08-18 09:39:17,C0037,L1-00084,P020,View
I001836,2026-08-18 09:41:06,C0037,L1-00084,P015,View
I001837,2026-08-18 09:41:43,C0037,L1-00084,P026,View
I001838,2026-08-18 09:43:04,C0037,L1-00084,P022,View
I001839,2026-08-18 09:43:50,C0037,L1-00084,P009,View
I001840,2026-08-18 09:43:52,C0037,L1-00084,P022,Add_to_Cart
I001841,2026-08-18 09:44:46,C0112,L1-00283,P016,View
I001842,2026-08-18 09:46:57,C0037,L1-00084,P015,View
I001843,2026-08-18 09:47:59,C0112,L1-00283,P007,View
I001844,2026-08-18 09:51:21,C0112,L1-00283,P015,View
I001845,2026-08-18 09:52:17,C0112,L1-00283,P015,Add_to_Cart
I001846,2026-08-18 09:52:44,C0112,L1-00283,P019,View
I001847,2026-08-18 11:26:00,C0003,L2-00021,P017,View
I001848,2026-08-18 12:03:48,C0178,L1-00437,P015,View
I001849,2026-08-18 12:07:39,C0178,L1-00437,P022,View
I001850,2026-08-18 12:10:30,C0178,L1-00437,P013,View
I001851,2026-08-18 12:12:27,C0178,L1-00437,P013,Add_to_Cart
I001852,2026-08-18 12:12:50,C0178,L1-00437,P022,View
I001853,2026-08-18 12:13:40,C0178,L1-00437,P020,View
I001854,2026-08-18 12:13:46,C0178,L1-00437,P022,Add_to_Cart
I001855,2026-08-18 12:23:35,C0061,L1-00153,P026,View
I001856,2026-08-18 12:24:23,C0061,L1-00153,P020,View
I001857,2026-08-18 12:24:40,C0061,L1-00153,P020,Add_to_Cart
I001858,2026-08-18 12:24:43,C0061,L1-00153,P026,View
I001859,2026-08-18 12:25:53,C0061,L1-00153,P008,View
I001860,2026-08-18 12:29:23,C0061,L1-00153,P013,View
I001861,2026-08-18 13:12:22,C0141,L1-00351,P007,View
I001862,2026-08-18 13:13:54,C0141,L1-00351,P007,Add_to_Cart
I001863,2026-08-18 13:14:10,C0141,L1-00351,P010,View
I001864,2026-08-18 13:15:07,C0110,L1-00272,P006,View
I001865,2026-08-18 13:15:55,C0110,L1-00272,P006,Add_to_Cart
I001866,2026-08-18 13:17:02,C0110,L1-00272,P034,View
I001867,2026-08-18 13:17:44,C0141,L1-00351,P013,View
I001868,2026-08-18 13:18:11,C0141,L1-00351,P017,View
I001869,2026-08-18 13:18:13,C0110,L1-00272,P009,View
I001870,2026-08-18 13:19:40,C0141,L1-00351,P016,View
I001871,2026-08-18 13:19:47,C0110,L1-00272,P015,View
I001872,2026-08-18 13:21:07,C0007,L1-00014,P002,View
I001873,2026-08-18 13:21:31,C0110,L1-00272,P011,View
I001874,2026-08-18 13:21:52,C0007,L1-00014,P002,Add_to_Cart
I001875,2026-08-18 13:23:11,C0007,L1-00014,P004,View
I001876,2026-08-18 13:26:58,C0007,L1-00014,P004,View
I001877,2026-08-18 13:30:26,C0007,L1-00014,P031,View
I001878,2026-08-18 13:33:21,C0007,L1-00014,P014,View
I001879,2026-08-18 13:35:39,C0007,L1-00014,P028,View
I001880,2026-08-18 13:35:41,C0032,L1-00071,P007,View
I001881,2026-08-18 13:38:40,C0032,L1-00071,P009,View
I001882,2026-08-18 13:39:11,C0032,L1-00071,P009,Add_to_Cart
I001883,2026-08-18 13:40:10,C0032,L1-00071,P011,View
I001884,2026-08-18 13:42:40,C0032,L1-00071,P034,View
I001885,2026-08-18 14:02:36,C0152,L1-00381,P014,View
I001886,2026-08-18 14:03:12,C0152,L1-00381,P026,View
I001887,2026-08-18 14:06:44,C0152,L1-00381,P014,View
I001888,2026-08-18 14:07:45,C0152,L1-00381,P007,View
I001889,2026-08-18 14:19:13,C0047,L1-00111,P013,View
I001890,2026-08-18 14:21:00,C0047,L1-00111,P011,View
I001891,2026-08-18 14:21:01,C0047,L1-00111,P013,Add_to_Cart
I001892,2026-08-18 14:21:47,C0047,L1-00111,P009,View
I001893,2026-08-18 14:22:11,C0047,L1-00111,P011,Add_to_Cart
I001894,2026-08-18 14:32:00,C0085,L2-00025,P026,View
I001895,2026-08-18 15:01:00,C0182,L2-00024,P026,View
I001896,2026-08-18 15:30:00,C0120,L2-00027,P030,View
I001897,2026-08-18 15:32:20,C0120,L2-00027,P030,Add_to_Cart
I001898,2026-08-18 15:53:00,C0122,L2-00019,P013,View
I001899,2026-08-18 16:42:44,C0142,L1-00357,P018,View
I001900,2026-08-18 16:43:00,C0142,L1-00357,P018,Add_to_Cart
I001901,2026-08-18 16:44:40,C0142,L1-00357,P021,View
I001902,2026-08-18 16:46:33,C0142,L1-00357,P006,View
I001903,2026-08-18 16:47:25,C0142,L1-00357,P006,Add_to_Cart
I001904,2026-08-18 16:49:45,C0142,L1-00357,P034,View
I001905,2026-08-18 16:50:59,C0142,L1-00357,P016,View
I001906,2026-08-18 16:53:39,C0142,L1-00357,P004,View
I001907,2026-08-18 17:13:00,C0078,L2-00026,P026,View
I001908,2026-08-18 17:21:00,C0006,L2-00020,P017,View
I001909,2026-08-18 17:50:00,C0172,L2-00023,P026,View
I001910,2026-08-18 18:53:00,C0191,L2-00022,P017,View
I001911,2026-08-18 18:53:56,C0191,L2-00022,P017,Add_to_Cart
I001912,2026-08-18 19:07:17,C0043,L1-00099,P021,View
I001913,2026-08-18 19:07:45,C0043,L1-00099,P021,Add_to_Cart
I001914,2026-08-18 19:09:10,C0043,L1-00099,P002,View
I001915,2026-08-18 19:11:38,C0043,L1-00099,P005,View
I001916,2026-08-18 19:12:32,C0043,L1-00099,P022,View
I001917,2026-08-18 19:12:59,C0043,L1-00099,P007,View
I001918,2026-08-18 19:13:29,C0043,L1-00099,P007,Add_to_Cart
I001919,2026-08-18 19:13:33,C0043,L1-00099,P028,View
I001920,2026-08-18 19:15:20,C0043,L1-00099,P028,Add_to_Cart
I001921,2026-08-18 19:33:59,C0187,L1-00461,P008,View
I001922,2026-08-18 19:37:31,C0187,L1-00461,P019,View
I001923,2026-08-18 19:38:12,C0195,L1-00473,P030,View
I001924,2026-08-18 19:39:06,C0187,L1-00461,P019,Add_to_Cart
I001925,2026-08-18 19:39:27,C0195,L1-00473,P010,View
I001926,2026-08-18 19:39:53,C0195,L1-00473,P030,View
I001927,2026-08-18 19:40:16,C0195,L1-00473,P030,Add_to_Cart
I001928,2026-08-18 19:40:36,C0187,L1-00461,P023,View
I001929,2026-08-18 19:43:25,C0195,L1-00473,P008,View
I001930,2026-08-18 19:47:01,C0195,L1-00473,P012,View
I001931,2026-08-18 19:50:00,C0195,L1-00473,P010,View
I001932,2026-08-18 19:51:16,C0195,L1-00473,P007,View
I001933,2026-08-18 20:07:43,C0151,L1-00379,P026,View
I001934,2026-08-18 20:08:16,C0151,L1-00379,P018,View
I001935,2026-08-18 20:09:11,C0151,L1-00379,P026,Add_to_Cart
I001936,2026-08-18 20:10:08,C0151,L1-00379,P009,View
I001937,2026-08-18 20:11:32,C0151,L1-00379,P009,Add_to_Cart
I001938,2026-08-19 08:03:00,C0010,L2-00037,P026,View
I001939,2026-08-19 08:29:47,C0140,L1-00347,P003,View
I001940,2026-08-19 08:31:27,C0140,L1-00347,P003,Add_to_Cart
I001941,2026-08-19 08:33:44,C0140,L1-00347,P025,View
I001942,2026-08-19 08:34:33,C0140,L1-00347,P028,View
I001943,2026-08-19 08:36:38,C0140,L1-00347,P029,View
I001944,2026-08-19 08:37:52,C0140,L1-00347,P029,Add_to_Cart
I001945,2026-08-19 08:38:41,C0140,L1-00347,P028,View
I001946,2026-08-19 08:39:43,C0140,L1-00347,P028,Add_to_Cart
I001947,2026-08-19 08:41:17,C0140,L1-00347,P015,View
I001948,2026-08-19 09:55:18,C0027,L1-00059,P031,View
I001949,2026-08-19 09:55:48,C0027,L1-00059,P017,View
I001950,2026-08-19 09:57:16,C0027,L1-00059,P031,Add_to_Cart
I001951,2026-08-19 09:58:21,C0027,L1-00059,P013,View
I001952,2026-08-19 09:59:30,C0027,L1-00059,P013,Add_to_Cart
I001953,2026-08-19 10:33:03,C0065,L1-00166,P012,View
I001954,2026-08-19 10:33:23,C0065,L1-00166,P007,View
I001955,2026-08-19 10:34:56,C0065,L1-00166,P007,Add_to_Cart
I001956,2026-08-19 10:35:32,C0065,L1-00166,P018,View
I001957,2026-08-19 10:37:35,C0065,L1-00166,P002,View
I001958,2026-08-19 10:41:31,C0065,L1-00166,P013,View
I001959,2026-08-19 10:44:08,C0065,L1-00166,P023,View
I001960,2026-08-19 10:45:52,C0065,L1-00166,P020,View
I001961,2026-08-19 11:15:00,C0104,L2-00042,P030,View
I001962,2026-08-19 11:35:00,C0161,L2-00034,P017,View
I001963,2026-08-19 11:37:28,C0161,L2-00034,P017,Add_to_Cart
I001964,2026-08-19 12:23:16,C0142,L1-00355,P034,View
I001965,2026-08-19 12:27:14,C0142,L1-00355,P007,View
I001966,2026-08-19 12:28:54,C0142,L1-00355,P018,View
I001967,2026-08-19 12:32:34,C0142,L1-00355,P002,View
I001968,2026-08-19 12:34:08,C0142,L1-00355,P002,Add_to_Cart
I001969,2026-08-19 12:35:55,C0142,L1-00355,P010,View
I001970,2026-08-19 12:38:35,C0142,L1-00355,P008,View
I001971,2026-08-19 12:41:55,C0142,L1-00355,P004,View
I001972,2026-08-19 12:44:27,C0142,L1-00355,P017,View
I001973,2026-08-19 12:54:38,C0050,L1-00130,P025,View
I001974,2026-08-19 12:56:57,C0050,L1-00130,P007,View
I001975,2026-08-19 12:57:00,C0051,L2-00029,P013,View
I001976,2026-08-19 13:00:56,C0050,L1-00130,P004,View
I001977,2026-08-19 13:01:45,C0050,L1-00130,P021,View
I001978,2026-08-19 13:04:46,C0050,L1-00130,P032,View
I001979,2026-08-19 13:07:43,C0050,L1-00130,P017,View
I001980,2026-08-19 13:08:24,C0050,L1-00130,P017,Add_to_Cart
I001981,2026-08-19 13:09:56,C0050,L1-00130,P028,View
I001982,2026-08-19 13:12:44,C0050,L1-00130,P025,View
I001983,2026-08-19 13:21:38,C0140,L1-00343,P015,View
I001984,2026-08-19 13:22:30,C0140,L1-00343,P004,View
I001985,2026-08-19 13:23:23,C0140,L1-00343,P015,Add_to_Cart
I001986,2026-08-19 13:26:27,C0140,L1-00343,P005,View
I001987,2026-08-19 13:27:29,C0140,L1-00343,P023,View
I001988,2026-08-19 13:28:12,C0140,L1-00343,P005,Add_to_Cart
I001989,2026-08-19 13:28:30,C0140,L1-00343,P023,Add_to_Cart
I001990,2026-08-19 13:29:35,C0140,L1-00343,P031,View
I001991,2026-08-19 13:30:00,C0140,L1-00343,P014,View
I001992,2026-08-19 13:30:20,C0140,L1-00343,P014,Add_to_Cart
I001993,2026-08-19 13:33:20,C0140,L1-00343,P025,View
I001994,2026-08-19 13:53:00,C0060,L2-00039,P026,View
I001995,2026-08-19 13:59:00,C0138,L2-00031,P017,View
I001996,2026-08-19 13:59:47,C0078,L1-00205,P036,View
I001997,2026-08-19 14:02:59,C0078,L1-00205,P024,View
I001998,2026-08-19 14:04:19,C0078,L1-00205,P024,Add_to_Cart
I001999,2026-08-19 14:05:29,C0078,L1-00205,P011,View
I002000,2026-08-19 14:09:09,C0078,L1-00205,P022,View
I002001,2026-08-19 14:10:00,C0078,L1-00205,P022,Add_to_Cart
I002002,2026-08-19 14:12:21,C0078,L1-00205,P020,View
I002003,2026-08-19 14:13:24,C0078,L1-00205,P020,Add_to_Cart
I002004,2026-08-19 14:14:01,C0078,L1-00205,P015,View
I002005,2026-08-19 14:15:02,C0078,L1-00205,P015,Add_to_Cart
I002006,2026-08-19 14:16:34,C0078,L1-00205,P017,View
I002007,2026-08-19 14:29:00,C0060,L2-00041,P030,View
I002008,2026-08-19 14:38:00,C0082,L2-00028,P013,View
I002009,2026-08-19 14:43:24,C0184,L1-00450,P024,View
I002010,2026-08-19 14:44:33,C0184,L1-00450,P004,View
I002011,2026-08-19 14:46:33,C0184,L1-00450,P030,View
I002012,2026-08-19 14:49:45,C0184,L1-00450,P002,View
I002013,2026-08-19 14:50:28,C0184,L1-00450,P023,View
I002014,2026-08-19 14:52:21,C0184,L1-00450,P023,Add_to_Cart
I002015,2026-08-19 14:52:29,C0184,L1-00450,P020,View
I002016,2026-08-19 14:53:06,C0184,L1-00450,P020,Add_to_Cart
I002017,2026-08-19 15:24:21,C0103,L1-00250,P033,View
I002018,2026-08-19 15:27:38,C0103,L1-00250,P001,View
I002019,2026-08-19 15:28:11,C0103,L1-00250,P029,View
I002020,2026-08-19 15:28:41,C0103,L1-00250,P029,Add_to_Cart
I002021,2026-08-19 15:28:53,C0103,L1-00250,P001,Add_to_Cart
I002022,2026-08-19 15:30:52,C0103,L1-00250,P018,View
I002023,2026-08-19 15:31:28,C0041,L1-00090,P008,View
I002024,2026-08-19 15:31:41,C0103,L1-00250,P013,View
I002025,2026-08-19 15:32:37,C0103,L1-00250,P022,View
I002026,2026-08-19 15:33:19,C0041,L1-00090,P008,View
I002027,2026-08-19 15:34:36,C0103,L1-00250,P022,Add_to_Cart
I002028,2026-08-19 15:35:08,C0041,L1-00090,P004,View
I002029,2026-08-19 15:35:13,C0041,L1-00090,P008,Add_to_Cart
I002030,2026-08-19 15:35:53,C0103,L1-00250,P033,View
I002031,2026-08-19 15:36:56,C0175,L1-00430,P006,View
I002032,2026-08-19 15:37:01,C0041,L1-00090,P004,Add_to_Cart
I002033,2026-08-19 15:37:13,C0103,L1-00250,P033,Add_to_Cart
I002034,2026-08-19 15:38:31,C0041,L1-00090,P034,View
I002035,2026-08-19 15:39:33,C0175,L1-00430,P013,View
I002036,2026-08-19 15:39:58,C0041,L1-00090,P034,Add_to_Cart
I002037,2026-08-19 15:40:30,C0175,L1-00430,P013,Add_to_Cart
I002038,2026-08-19 15:41:00,C0129,L2-00040,P026,View
I002039,2026-08-19 15:41:46,C0175,L1-00430,P030,View
I002040,2026-08-19 15:42:25,C0041,L1-00090,P023,View
I002041,2026-08-19 15:42:51,C0175,L1-00430,P005,View
I002042,2026-08-19 15:44:10,C0041,L1-00090,P023,Add_to_Cart
I002043,2026-08-19 15:45:53,C0175,L1-00430,P007,View
I002044,2026-08-19 15:47:34,C0175,L1-00430,P007,Add_to_Cart
I002045,2026-08-19 16:09:20,C0067,L1-00178,P001,View
I002046,2026-08-19 16:12:16,C0067,L1-00178,P002,View
I002047,2026-08-19 16:15:08,C0067,L1-00178,P033,View
I002048,2026-08-19 16:22:00,C0118,L2-00038,P026,View
I002049,2026-08-19 16:28:40,C0175,L1-00429,P004,View
I002050,2026-08-19 16:32:08,C0175,L1-00429,P005,View
I002051,2026-08-19 16:34:05,C0175,L1-00429,P005,Add_to_Cart
I002052,2026-08-19 16:35:56,C0175,L1-00429,P022,View
I002053,2026-08-19 16:37:50,C0175,L1-00429,P018,View
I002054,2026-08-19 16:43:00,C0113,L2-00036,P017,View
I002055,2026-08-19 16:44:14,C0113,L2-00036,P017,Add_to_Cart
I002056,2026-08-19 16:48:21,C0182,L1-00444,P002,View
I002057,2026-08-19 16:50:57,C0182,L1-00444,P034,View
I002058,2026-08-19 16:53:42,C0182,L1-00444,P013,View
I002059,2026-08-19 16:57:00,C0182,L1-00444,P031,View
I002060,2026-08-19 16:58:32,C0182,L1-00444,P014,View
I002061,2026-08-19 16:59:09,C0182,L1-00444,P014,Add_to_Cart
I002062,2026-08-19 16:59:20,C0182,L1-00444,P026,View
I002063,2026-08-19 16:59:37,C0182,L1-00444,P026,Add_to_Cart
I002064,2026-08-19 17:06:11,C0128,L1-00319,P006,View
I002065,2026-08-19 17:09:22,C0128,L1-00319,P024,View
I002066,2026-08-19 17:11:10,C0128,L1-00319,P024,Add_to_Cart
I002067,2026-08-19 17:11:55,C0128,L1-00319,P003,View
I002068,2026-08-19 17:12:47,C0128,L1-00319,P003,Add_to_Cart
I002069,2026-08-19 17:25:00,C0170,L2-00032,P017,View
I002070,2026-08-19 18:13:00,C0160,L2-00035,P017,View
I002071,2026-08-19 18:23:00,C0160,L1-00393,P030,View
I002072,2026-08-19 18:25:50,C0160,L1-00393,P010,View
I002073,2026-08-19 18:27:58,C0160,L1-00393,P015,View
I002074,2026-08-19 18:29:08,C0160,L1-00393,P015,Add_to_Cart
I002075,2026-08-19 18:46:00,C0096,L2-00030,P013,View
I002076,2026-08-19 18:46:59,C0096,L2-00030,P013,Add_to_Cart
I002077,2026-08-19 18:58:16,C0171,L1-00424,P026,View
I002078,2026-08-19 18:59:11,C0171,L1-00424,P026,Add_to_Cart
I002079,2026-08-19 18:59:17,C0171,L1-00424,P010,View
I002080,2026-08-19 19:01:40,C0171,L1-00424,P020,View
I002081,2026-08-19 19:05:28,C0171,L1-00424,P004,View
I002082,2026-08-19 19:08:10,C0171,L1-00424,P030,View
I002083,2026-08-19 19:11:42,C0106,L1-00263,P026,View
I002084,2026-08-19 19:12:58,C0106,L1-00263,P005,View
I002085,2026-08-19 19:13:42,C0106,L1-00263,P005,Add_to_Cart
I002086,2026-08-19 19:13:45,C0106,L1-00263,P007,View
I002087,2026-08-19 19:14:23,C0106,L1-00263,P023,View
I002088,2026-08-19 19:14:56,C0106,L1-00263,P007,Add_to_Cart
I002089,2026-08-19 19:15:59,C0106,L1-00263,P023,Add_to_Cart
I002090,2026-08-19 19:32:58,C0091,L1-00229,P007,View
I002091,2026-08-19 19:36:30,C0091,L1-00229,P025,View
I002092,2026-08-19 19:37:57,C0091,L1-00229,P020,View
I002093,2026-08-19 19:39:33,C0091,L1-00229,P026,View
I002094,2026-08-19 19:40:01,C0091,L1-00229,P026,Add_to_Cart
I002095,2026-08-19 21:29:37,C0112,L1-00282,P026,View
I002096,2026-08-19 21:29:52,C0112,L1-00282,P026,Add_to_Cart
I002097,2026-08-19 21:30:20,C0112,L1-00282,P004,View
I002098,2026-08-19 21:34:01,C0112,L1-00282,P031,View
I002099,2026-08-19 21:35:47,C0112,L1-00282,P031,Add_to_Cart
I002100,2026-08-19 21:36:39,C0112,L1-00282,P028,View
I002101,2026-08-19 21:38:00,C0112,L1-00282,P028,Add_to_Cart
I002102,2026-08-19 21:53:50,C0185,L1-00456,P010,View
I002103,2026-08-19 21:54:18,C0185,L1-00456,P030,View
I002104,2026-08-19 21:57:30,C0185,L1-00456,P020,View
I002105,2026-08-19 22:00:54,C0185,L1-00456,P031,View
I002106,2026-08-19 22:02:45,C0185,L1-00456,P031,Add_to_Cart
I002107,2026-08-19 22:03:53,C0185,L1-00456,P021,View
I002108,2026-08-19 22:48:00,C0035,L2-00033,P017,View
I002109,2026-08-19 22:48:51,C0035,L2-00033,P017,Add_to_Cart
I002110,2026-08-19 23:23:00,C0012,L2-00043,P030,View
I002111,2026-08-20 08:06:00,C0189,L2-00046,P013,View
I002112,2026-08-20 08:18:00,C0104,L2-00051,P017,View
I002113,2026-08-20 08:19:50,C0104,L2-00051,P017,Add_to_Cart
I002114,2026-08-20 08:30:00,C0120,L2-00054,P022,View
I002115,2026-08-20 08:48:00,C0085,L2-00049,P013,View
I002116,2026-08-20 09:47:18,C0048,L1-00116,P014,View
I002117,2026-08-20 09:47:43,C0048,L1-00116,P013,View
I002118,2026-08-20 09:49:56,C0048,L1-00116,P028,View
I002119,2026-08-20 09:51:53,C0048,L1-00116,P031,View
I002120,2026-08-20 09:53:18,C0048,L1-00116,P031,Add_to_Cart
I002121,2026-08-20 09:53:27,C0048,L1-00116,P020,View
I002122,2026-08-20 10:07:00,C0160,L2-00047,P013,View
I002123,2026-08-20 10:11:00,C0061,L2-00061,P030,View
I002124,2026-08-20 10:16:00,C0043,L2-00048,P013,View
I002125,2026-08-20 10:17:12,C0043,L2-00048,P013,Add_to_Cart
I002126,2026-08-20 12:02:31,C0070,L1-00183,P002,View
I002127,2026-08-20 12:02:56,C0182,L1-00443,P035,View
I002128,2026-08-20 12:04:16,C0182,L1-00443,P004,View
I002129,2026-08-20 12:04:49,C0182,L1-00443,P035,Add_to_Cart
I002130,2026-08-20 12:04:56,C0070,L1-00183,P011,View
I002131,2026-08-20 12:05:28,C0182,L1-00443,P019,View
I002132,2026-08-20 12:05:35,C0070,L1-00183,P011,Add_to_Cart
I002133,2026-08-20 12:05:35,C0070,L1-00183,P035,View
I002134,2026-08-20 12:07:14,C0070,L1-00183,P034,View
I002135,2026-08-20 12:08:42,C0182,L1-00443,P017,View
I002136,2026-08-20 12:09:45,C0070,L1-00183,P023,View
I002137,2026-08-20 12:11:06,C0070,L1-00183,P020,View
I002138,2026-08-20 12:11:48,C0070,L1-00183,P020,Add_to_Cart
I002139,2026-08-20 12:12:00,C0182,L1-00443,P023,View
I002140,2026-08-20 13:00:00,C0135,L2-00050,P013,View
I002141,2026-08-20 13:23:00,C0198,L2-00044,P013,View
I002142,2026-08-20 13:27:23,C0042,L1-00093,P001,View
I002143,2026-08-20 13:28:50,C0042,L1-00093,P001,Add_to_Cart
I002144,2026-08-20 13:31:22,C0042,L1-00093,P033,View
I002145,2026-08-20 13:32:49,C0042,L1-00093,P028,View
I002146,2026-08-20 13:33:44,C0042,L1-00093,P028,Add_to_Cart
I002147,2026-08-20 13:35:30,C0042,L1-00093,P020,View
I002148,2026-08-20 13:37:32,C0042,L1-00093,P013,View
I002149,2026-08-20 13:41:23,C0042,L1-00093,P017,View
I002150,2026-08-20 13:43:46,C0042,L1-00093,P015,View
I002151,2026-08-20 13:47:07,C0042,L1-00093,P015,View
I002152,2026-08-20 13:47:31,C0042,L1-00093,P015,Add_to_Cart
I002153,2026-08-20 14:45:00,C0137,L2-00060,P030,View
I002154,2026-08-20 15:17:00,C0141,L2-00059,P030,View
I002155,2026-08-20 15:18:06,C0141,L2-00059,P030,Add_to_Cart
I002156,2026-08-20 15:27:00,C0046,L2-00057,P026,View
I002157,2026-08-20 15:28:06,C0046,L2-00057,P026,Add_to_Cart
I002158,2026-08-20 15:30:11,C0046,L1-00106,P028,View
I002159,2026-08-20 15:30:33,C0046,L1-00106,P012,View
I002160,2026-08-20 15:30:48,C0046,L1-00106,P028,Add_to_Cart
I002161,2026-08-20 15:31:22,C0046,L1-00106,P030,View
I002162,2026-08-20 15:34:35,C0046,L1-00106,P004,View
I002163,2026-08-20 15:38:07,C0046,L1-00106,P023,View
I002164,2026-08-20 15:49:40,C0020,L1-00045,P034,View
I002165,2026-08-20 15:52:05,C0020,L1-00045,P002,View
I002166,2026-08-20 15:55:26,C0020,L1-00045,P025,View
I002167,2026-08-20 15:56:28,C0020,L1-00045,P025,Add_to_Cart
I002168,2026-08-20 15:57:01,C0020,L1-00045,P031,View
I002169,2026-08-20 15:57:36,C0020,L1-00045,P031,Add_to_Cart
I002170,2026-08-20 15:58:06,C0029,L1-00061,P031,View
I002171,2026-08-20 15:58:49,C0029,L1-00061,P031,Add_to_Cart
I002172,2026-08-20 15:59:02,C0029,L1-00061,P018,View
I002173,2026-08-20 15:59:14,C0020,L1-00045,P021,View
I002174,2026-08-20 16:00:30,C0020,L1-00045,P021,Add_to_Cart
I002175,2026-08-20 16:01:13,C0020,L1-00045,P030,View
I002176,2026-08-20 16:01:34,C0020,L1-00045,P030,Add_to_Cart
I002177,2026-08-20 16:02:24,C0029,L1-00061,P029,View
I002178,2026-08-20 16:04:20,C0020,L1-00045,P026,View
I002179,2026-08-20 16:09:50,C0062,L1-00156,P025,View
I002180,2026-08-20 16:10:26,C0062,L1-00156,P025,Add_to_Cart
I002181,2026-08-20 16:12:52,C0062,L1-00156,P036,View
I002182,2026-08-20 16:14:10,C0062,L1-00156,P018,View
I002183,2026-08-20 16:15:06,C0062,L1-00156,P018,Add_to_Cart
I002184,2026-08-20 16:17:59,C0062,L1-00156,P006,View
I002185,2026-08-20 16:20:12,C0062,L1-00156,P012,View
I002186,2026-08-20 16:21:31,C0062,L1-00156,P012,Add_to_Cart
I002187,2026-08-20 16:23:55,C0062,L1-00156,P014,View
I002188,2026-08-20 16:24:31,C0062,L1-00156,P014,Add_to_Cart
I002189,2026-08-20 16:43:34,C0164,L1-00407,P023,View
I002190,2026-08-20 16:46:54,C0164,L1-00407,P026,View
I002191,2026-08-20 16:48:00,C0164,L1-00407,P033,View
I002192,2026-08-20 16:48:45,C0164,L1-00407,P018,View
I002193,2026-08-20 16:49:51,C0164,L1-00407,P033,Add_to_Cart
I002194,2026-08-20 16:50:36,C0164,L1-00407,P005,View
I002195,2026-08-20 16:50:57,C0164,L1-00407,P005,Add_to_Cart
I002196,2026-08-20 16:53:40,C0164,L1-00407,P014,View
I002197,2026-08-20 16:59:00,C0194,L2-00052,P017,View
I002198,2026-08-20 17:14:16,C0060,L1-00150,P032,View
I002199,2026-08-20 17:15:42,C0060,L1-00150,P004,View
I002200,2026-08-20 17:18:44,C0060,L1-00150,P021,View
I002201,2026-08-20 17:19:04,C0060,L1-00150,P021,Add_to_Cart
I002202,2026-08-20 17:20:34,C0060,L1-00150,P003,View
I002203,2026-08-20 17:21:32,C0060,L1-00150,P004,View
I002204,2026-08-20 17:22:50,C0060,L1-00150,P026,View
I002205,2026-08-20 17:25:00,C0174,L2-00053,P017,View
I002206,2026-08-20 17:26:41,C0174,L2-00053,P017,Add_to_Cart
I002207,2026-08-20 17:52:00,C0153,L2-00056,P026,View
I002208,2026-08-20 18:01:12,C0050,L1-00128,P017,View
I002209,2026-08-20 18:01:39,C0050,L1-00128,P017,Add_to_Cart
I002210,2026-08-20 18:01:52,C0050,L1-00128,P023,View
I002211,2026-08-20 18:03:11,C0050,L1-00128,P023,Add_to_Cart
I002212,2026-08-20 18:04:30,C0050,L1-00128,P013,View
I002213,2026-08-20 18:05:44,C0050,L1-00128,P018,View
I002214,2026-08-20 18:06:04,C0050,L1-00128,P013,Add_to_Cart
I002215,2026-08-20 18:07:45,C0050,L1-00128,P035,View
I002216,2026-08-20 18:09:11,C0050,L1-00128,P035,Add_to_Cart
I002217,2026-08-20 18:17:20,C0177,L1-00435,P015,View
I002218,2026-08-20 18:20:51,C0177,L1-00435,P002,View
I002219,2026-08-20 18:21:29,C0177,L1-00435,P035,View
I002220,2026-08-20 18:21:47,C0177,L1-00435,P002,Add_to_Cart
I002221,2026-08-20 18:30:40,C0198,L1-00482,P022,View
I002222,2026-08-20 18:33:57,C0198,L1-00482,P012,View
I002223,2026-08-20 18:36:35,C0198,L1-00482,P023,View
I002224,2026-08-20 18:37:50,C0074,L1-00195,P025,View
I002225,2026-08-20 18:38:19,C0074,L1-00195,P022,View
I002226,2026-08-20 18:38:28,C0198,L1-00482,P023,Add_to_Cart
I002227,2026-08-20 18:39:31,C0074,L1-00195,P025,Add_to_Cart
I002228,2026-08-20 18:41:08,C0074,L1-00195,P024,View
I002229,2026-08-20 18:44:09,C0074,L1-00195,P028,View
I002230,2026-08-20 19:03:00,C0027,L2-00045,P013,View
I002231,2026-08-20 21:22:33,C0186,L1-00459,P016,View
I002232,2026-08-20 21:24:25,C0186,L1-00459,P020,View
I002233,2026-08-20 21:25:15,C0186,L1-00459,P020,View
I002234,2026-08-20 21:27:47,C0186,L1-00459,P013,View
I002235,2026-08-20 21:28:17,C0186,L1-00459,P013,Add_to_Cart
I002236,2026-08-20 21:29:55,C0186,L1-00459,P004,View
I002237,2026-08-20 21:30:56,C0186,L1-00459,P024,View
I002238,2026-08-20 23:06:00,C0043,L2-00055,P026,View
I002239,2026-08-20 23:07:28,C0043,L2-00055,P026,Add_to_Cart
I002240,2026-08-20 23:53:00,C0145,L2-00058,P026,View
I002241,2026-08-20 23:53:53,C0145,L2-00058,P026,Add_to_Cart
I002242,2026-08-21 08:33:47,C0105,L1-00257,P007,View
I002243,2026-08-21 08:34:37,C0105,L1-00257,P007,Add_to_Cart
I002244,2026-08-21 08:36:00,C0119,L2-00070,P026,View
I002245,2026-08-21 08:36:26,C0105,L1-00257,P023,View
I002246,2026-08-21 08:37:01,C0137,L1-00338,P025,View
I002247,2026-08-21 08:38:12,C0105,L1-00257,P023,Add_to_Cart
I002248,2026-08-21 08:39:47,C0105,L1-00257,P009,View
I002249,2026-08-21 08:39:59,C0137,L1-00338,P023,View
I002250,2026-08-21 08:40:50,C0137,L1-00338,P023,Add_to_Cart
I002251,2026-08-21 08:42:44,C0137,L1-00338,P015,View
I002252,2026-08-21 08:44:02,C0137,L1-00338,P015,View
I002253,2026-08-21 08:46:25,C0137,L1-00338,P025,View
I002254,2026-08-21 08:47:22,C0137,L1-00338,P024,View
I002255,2026-08-21 10:51:54,C0138,L1-00340,P026,View
I002256,2026-08-21 10:52:57,C0138,L1-00340,P018,View
I002257,2026-08-21 10:54:08,C0138,L1-00340,P031,View
I002258,2026-08-21 10:54:51,C0138,L1-00340,P018,Add_to_Cart
I002259,2026-08-21 10:56:03,C0138,L1-00340,P031,Add_to_Cart
I002260,2026-08-21 10:56:32,C0138,L1-00340,P022,View
I002261,2026-08-21 10:58:16,C0138,L1-00340,P022,Add_to_Cart
I002262,2026-08-21 10:59:25,C0138,L1-00340,P034,View
I002263,2026-08-21 10:59:49,C0138,L1-00340,P034,Add_to_Cart
I002264,2026-08-21 11:18:00,C0131,L2-00071,P026,View
I002265,2026-08-21 11:37:00,C0172,L2-00075,P030,View
I002266,2026-08-21 12:30:14,C0110,L1-00271,P010,View
I002267,2026-08-21 12:32:38,C0110,L1-00271,P002,View
I002268,2026-08-21 12:33:59,C0110,L1-00271,P002,Add_to_Cart
I002269,2026-08-21 12:34:00,C0142,L2-00072,P026,View
I002270,2026-08-21 12:35:38,C0142,L2-00072,P026,Add_to_Cart
I002271,2026-08-21 12:35:41,C0110,L1-00271,P014,View
I002272,2026-08-21 12:36:27,C0110,L1-00271,P015,View
I002273,2026-08-21 12:37:20,C0110,L1-00271,P006,View
I002274,2026-08-21 12:39:01,C0110,L1-00271,P006,Add_to_Cart
I002275,2026-08-21 12:40:20,C0110,L1-00271,P013,View
I002276,2026-08-21 12:52:00,C0100,L2-00077,P030,View
I002277,2026-08-21 13:08:24,C0170,L1-00419,P013,View
I002278,2026-08-21 13:10:10,C0170,L1-00419,P022,View
I002279,2026-08-21 13:10:14,C0170,L1-00419,P013,Add_to_Cart
I002280,2026-08-21 13:10:41,C0170,L1-00419,P031,View
I002281,2026-08-21 13:12:10,C0170,L1-00419,P006,View
I002282,2026-08-21 13:12:30,C0170,L1-00419,P031,Add_to_Cart
I002283,2026-08-21 13:39:05,C0009,L1-00018,P030,View
I002284,2026-08-21 13:39:33,C0009,L1-00018,P030,Add_to_Cart
I002285,2026-08-21 13:39:54,C0009,L1-00018,P002,View
I002286,2026-08-21 13:42:03,C0009,L1-00018,P008,View
I002287,2026-08-21 14:11:00,C0131,L2-00074,P030,View
I002288,2026-08-21 14:11:42,C0131,L2-00074,P030,Add_to_Cart
I002289,2026-08-21 14:25:00,C0109,L2-00064,P013,View
I002290,2026-08-21 14:26:59,C0109,L2-00064,P013,Add_to_Cart
I002291,2026-08-21 15:10:00,C0166,L2-00063,P013,View
I002292,2026-08-21 15:11:26,C0166,L2-00063,P013,Add_to_Cart
I002293,2026-08-21 15:37:00,C0116,L2-00073,P026,View
I002294,2026-08-21 15:40:00,C0162,L2-00068,P022,View
I002295,2026-08-21 16:38:00,C0058,L2-00065,P017,View
I002296,2026-08-21 16:39:18,C0058,L2-00065,P017,Add_to_Cart
I002297,2026-08-21 16:41:26,C0023,L1-00054,P033,View
I002298,2026-08-21 16:43:04,C0023,L1-00054,P015,View
I002299,2026-08-21 16:44:04,C0023,L1-00054,P029,View
I002300,2026-08-21 16:44:58,C0023,L1-00054,P015,View
I002301,2026-08-21 16:48:08,C0023,L1-00054,P001,View
I002302,2026-08-21 16:51:20,C0023,L1-00054,P020,View
I002303,2026-08-21 16:52:12,C0023,L1-00054,P030,View
I002304,2026-08-21 16:54:36,C0060,L1-00149,P013,View
I002305,2026-08-21 16:57:01,C0060,L1-00149,P023,View
I002306,2026-08-21 16:58:38,C0060,L1-00149,P023,Add_to_Cart
I002307,2026-08-21 17:00:53,C0060,L1-00149,P022,View
I002308,2026-08-21 17:01:20,C0060,L1-00149,P022,Add_to_Cart
I002309,2026-08-21 17:03:20,C0060,L1-00149,P020,View
I002310,2026-08-21 17:05:06,C0060,L1-00149,P018,View
I002311,2026-08-21 17:05:38,C0060,L1-00149,P018,Add_to_Cart
I002312,2026-08-21 17:07:20,C0162,L1-00399,P028,View
I002313,2026-08-21 17:10:20,C0162,L1-00399,P024,View
I002314,2026-08-21 17:13:00,C0162,L1-00399,P007,View
I002315,2026-08-21 17:14:05,C0162,L1-00399,P007,Add_to_Cart
I002316,2026-08-21 17:15:10,C0162,L1-00399,P009,View
I002317,2026-08-21 17:17:55,C0162,L1-00399,P018,View
I002318,2026-08-21 17:19:26,C0162,L1-00399,P011,View
I002319,2026-08-21 17:19:42,C0162,L1-00399,P018,Add_to_Cart
I002320,2026-08-21 17:32:05,C0133,L1-00328,P020,View
I002321,2026-08-21 17:35:59,C0133,L1-00328,P019,View
I002322,2026-08-21 17:36:55,C0054,L1-00136,P033,View
I002323,2026-08-21 17:38:07,C0133,L1-00328,P020,View
I002324,2026-08-21 17:38:11,C0054,L1-00136,P004,View
I002325,2026-08-21 17:39:18,C0133,L1-00328,P013,View
I002326,2026-08-21 17:39:18,C0054,L1-00136,P007,View
I002327,2026-08-21 17:40:00,C0054,L1-00136,P033,View
I002328,2026-08-21 17:40:13,C0133,L1-00328,P013,Add_to_Cart
I002329,2026-08-21 17:41:05,C0054,L1-00136,P007,Add_to_Cart
I002330,2026-08-21 17:43:07,C0133,L1-00328,P002,View
I002331,2026-08-21 17:45:00,C0104,L2-00076,P030,View
I002332,2026-08-21 17:45:00,C0133,L1-00328,P002,Add_to_Cart
I002333,2026-08-21 17:46:02,C0104,L2-00076,P030,Add_to_Cart
I002334,2026-08-21 18:12:00,C0092,L2-00062,P013,View
I002335,2026-08-21 18:12:58,C0092,L2-00062,P013,Add_to_Cart
I002336,2026-08-21 18:19:00,C0044,L2-00066,P017,View
I002337,2026-08-21 18:20:07,C0044,L2-00066,P017,Add_to_Cart
I002338,2026-08-21 18:58:02,C0029,L1-00062,P025,View
I002339,2026-08-21 18:59:15,C0029,L1-00062,P025,Add_to_Cart
I002340,2026-08-21 19:01:03,C0029,L1-00062,P006,View
I002341,2026-08-21 19:03:45,C0029,L1-00062,P008,View
I002342,2026-08-21 19:04:07,C0029,L1-00062,P008,Add_to_Cart
I002343,2026-08-21 19:59:41,C0119,L1-00300,P022,View
I002344,2026-08-21 20:00:50,C0063,L1-00160,P028,View
I002345,2026-08-21 20:01:17,C0119,L1-00300,P018,View
I002346,2026-08-21 20:02:25,C0119,L1-00300,P021,View
I002347,2026-08-21 20:03:44,C0119,L1-00300,P021,Add_to_Cart
I002348,2026-08-21 20:04:45,C0063,L1-00160,P028,View
I002349,2026-08-21 20:06:21,C0063,L1-00160,P028,Add_to_Cart
I002350,2026-08-21 20:08:42,C0063,L1-00160,P024,View
I002351,2026-08-21 20:42:00,C0005,L2-00069,P026,View
I002352,2026-08-21 21:49:05,C0012,L1-00025,P021,View
I002353,2026-08-21 21:51:13,C0012,L1-00025,P025,View
I002354,2026-08-21 21:52:26,C0012,L1-00025,P004,View
I002355,2026-08-21 21:55:49,C0012,L1-00025,P009,View
I002356,2026-08-21 21:57:39,C0012,L1-00025,P006,View
I002357,2026-08-21 22:53:00,C0141,L2-00067,P017,View
I002358,2026-08-21 22:53:40,C0141,L2-00067,P017,Add_to_Cart
I002359,2026-08-22 08:15:45,C0107,L1-00265,P023,View
I002360,2026-08-22 08:18:13,C0107,L1-00265,P021,View
I002361,2026-08-22 08:18:42,C0107,L1-00265,P021,Add_to_Cart
I002362,2026-08-22 08:20:51,C0107,L1-00265,P012,View
I002363,2026-08-22 08:30:00,C0131,L2-00078,P013,View
I002364,2026-08-22 09:20:35,C0077,L1-00202,P003,View
I002365,2026-08-22 09:21:31,C0077,L1-00202,P007,View
I002366,2026-08-22 09:23:23,C0077,L1-00202,P034,View
I002367,2026-08-22 09:24:14,C0077,L1-00202,P002,View
I002368,2026-08-22 09:25:13,C0077,L1-00202,P033,View
I002369,2026-08-22 09:25:21,C0077,L1-00202,P034,Add_to_Cart
I002370,2026-08-22 09:28:51,C0077,L1-00202,P009,View
I002371,2026-08-22 09:30:18,C0077,L1-00202,P009,Add_to_Cart
I002372,2026-08-22 10:13:00,C0185,L2-00081,P013,View
I002373,2026-08-22 10:13:50,C0185,L2-00081,P013,Add_to_Cart
I002374,2026-08-22 10:17:29,C0137,L1-00336,P023,View
I002375,2026-08-22 10:18:15,C0023,L1-00050,P032,View
I002376,2026-08-22 10:20:28,C0137,L1-00336,P013,View
I002377,2026-08-22 10:21:29,C0023,L1-00050,P014,View
I002378,2026-08-22 10:22:18,C0137,L1-00336,P013,Add_to_Cart
I002379,2026-08-22 10:22:32,C0137,L1-00336,P010,View
I002380,2026-08-22 10:23:51,C0137,L1-00336,P002,View
I002381,2026-08-22 10:25:15,C0023,L1-00050,P015,View
I002382,2026-08-22 10:26:45,C0137,L1-00336,P023,View
I002383,2026-08-22 10:27:42,C0137,L1-00336,P030,View
I002384,2026-08-22 10:28:02,C0023,L1-00050,P014,View
I002385,2026-08-22 10:28:40,C0023,L1-00050,P004,View
I002386,2026-08-22 10:32:00,C0085,L2-00097,P026,View
I002387,2026-08-22 10:34:15,C0085,L2-00097,P026,Add_to_Cart
I002388,2026-08-22 10:58:00,C0024,L2-00079,P013,View
I002389,2026-08-22 11:00:18,C0024,L2-00079,P013,Add_to_Cart
I002390,2026-08-22 11:14:00,C0101,L2-00089,P017,View
I002391,2026-08-22 11:30:00,C0047,L2-00086,P017,View
I002392,2026-08-22 11:49:00,C0064,L2-00104,P026,View
I002393,2026-08-22 11:50:25,C0064,L2-00104,P026,Add_to_Cart
I002394,2026-08-22 12:06:00,C0163,L2-00084,P017,View
I002395,2026-08-22 12:15:00,C0016,L2-00088,P017,View
I002396,2026-08-22 12:18:00,C0157,L2-00106,P026,View
I002397,2026-08-22 12:47:00,C0140,L2-00083,P013,View
I002398,2026-08-22 12:59:00,C0021,L2-00100,P026,View
I002399,2026-08-22 13:06:00,C0187,L2-00094,P022,View
I002400,2026-08-22 13:13:00,C0166,L2-00095,P022,View
I002401,2026-08-22 13:22:00,C0170,L2-00087,P017,View
I002402,2026-08-22 13:23:37,C0170,L2-00087,P017,Add_to_Cart
I002403,2026-08-22 13:27:00,C0134,L2-00103,P026,View
I002404,2026-08-22 13:31:56,C0143,L1-00362,P023,View
I002405,2026-08-22 13:34:14,C0143,L1-00362,P031,View
I002406,2026-08-22 13:36:42,C0143,L1-00362,P001,View
I002407,2026-08-22 13:39:53,C0143,L1-00362,P008,View
I002408,2026-08-22 13:40:56,C0143,L1-00362,P001,View
I002409,2026-08-22 13:41:18,C0143,L1-00362,P008,Add_to_Cart
I002410,2026-08-22 13:42:19,C0143,L1-00362,P001,Add_to_Cart
I002411,2026-08-22 13:45:35,C0109,L1-00269,P005,View
I002412,2026-08-22 13:46:56,C0109,L1-00269,P034,View
I002413,2026-08-22 13:48:47,C0109,L1-00269,P005,View
I002414,2026-08-22 13:50:31,C0109,L1-00269,P005,Add_to_Cart
I002415,2026-08-22 14:20:00,C0129,L2-00085,P017,View
I002416,2026-08-22 14:37:00,C0097,L2-00098,P026,View
I002417,2026-08-22 14:54:00,C0057,L2-00093,P022,View
I002418,2026-08-22 14:54:00,C0160,L2-00107,P030,View
I002419,2026-08-22 14:54:40,C0015,L1-00030,P029,View
I002420,2026-08-22 14:55:18,C0015,L1-00030,P011,View
I002421,2026-08-22 14:56:11,C0015,L1-00030,P015,View
I002422,2026-08-22 14:56:32,C0015,L1-00030,P029,Add_to_Cart
I002423,2026-08-22 14:57:13,C0015,L1-00030,P022,View
I002424,2026-08-22 14:57:49,C0015,L1-00030,P015,Add_to_Cart
I002425,2026-08-22 14:58:16,C0015,L1-00030,P022,Add_to_Cart
I002426,2026-08-22 15:00:05,C0015,L1-00030,P017,View
I002427,2026-08-22 15:00:47,C0015,L1-00030,P019,View
I002428,2026-08-22 15:01:57,C0015,L1-00030,P024,View
I002429,2026-08-22 15:07:00,C0170,L2-00091,P017,View
I002430,2026-08-22 15:13:54,C0028,L1-00060,P026,View
I002431,2026-08-22 15:16:03,C0028,L1-00060,P012,View
I002432,2026-08-22 15:17:02,C0028,L1-00060,P012,Add_to_Cart
I002433,2026-08-22 15:17:41,C0028,L1-00060,P004,View
I002434,2026-08-22 15:18:31,C0028,L1-00060,P004,Add_to_Cart
I002435,2026-08-22 15:25:45,C0169,L1-00418,P034,View
I002436,2026-08-22 15:26:07,C0169,L1-00418,P034,Add_to_Cart
I002437,2026-08-22 15:27:33,C0169,L1-00418,P014,View
I002438,2026-08-22 15:28:09,C0169,L1-00418,P031,View
I002439,2026-08-22 15:29:00,C0084,L2-00080,P013,View
I002440,2026-08-22 15:30:08,C0084,L2-00080,P013,Add_to_Cart
I002441,2026-08-22 15:30:09,C0169,L1-00418,P031,View
I002442,2026-08-22 15:30:35,C0169,L1-00418,P021,View
I002443,2026-08-22 15:32:07,C0166,L1-00412,P008,View
I002444,2026-08-22 15:32:35,C0169,L1-00418,P021,View
I002445,2026-08-22 15:33:28,C0169,L1-00418,P021,Add_to_Cart
I002446,2026-08-22 15:34:05,C0166,L1-00412,P008,Add_to_Cart
I002447,2026-08-22 15:34:21,C0166,L1-00412,P033,View
I002448,2026-08-22 15:37:44,C0166,L1-00412,P023,View
I002449,2026-08-22 15:38:51,C0166,L1-00412,P023,Add_to_Cart
I002450,2026-08-22 16:04:48,C0114,L1-00289,P012,View
I002451,2026-08-22 16:07:51,C0114,L1-00289,P008,View
I002452,2026-08-22 16:10:33,C0114,L1-00289,P026,View
I002453,2026-08-22 16:11:30,C0114,L1-00289,P026,Add_to_Cart
I002454,2026-08-22 16:12:24,C0114,L1-00289,P009,View
I002455,2026-08-22 16:12:53,C0114,L1-00289,P018,View
I002456,2026-08-22 16:13:39,C0114,L1-00289,P009,Add_to_Cart
I002457,2026-08-22 16:14:19,C0114,L1-00289,P018,Add_to_Cart
I002458,2026-08-22 16:14:43,C0114,L1-00289,P033,View
I002459,2026-08-22 16:16:00,C0074,L2-00109,P030,View
I002460,2026-08-22 16:16:40,C0114,L1-00289,P021,View
I002461,2026-08-22 16:17:40,C0114,L1-00289,P021,View
I002462,2026-08-22 16:18:13,C0114,L1-00289,P021,Add_to_Cart
I002463,2026-08-22 16:42:00,C0158,L2-00092,P022,View
I002464,2026-08-22 16:43:09,C0158,L2-00092,P022,Add_to_Cart
I002465,2026-08-22 16:58:00,C0014,L2-00099,P026,View
I002466,2026-08-22 17:11:49,C0045,L1-00103,P025,View
I002467,2026-08-22 17:13:00,C0072,L2-00101,P026,View
I002468,2026-08-22 17:14:44,C0045,L1-00103,P023,View
I002469,2026-08-22 17:15:41,C0045,L1-00103,P013,View
I002470,2026-08-22 17:16:26,C0045,L1-00103,P031,View
I002471,2026-08-22 17:17:27,C0045,L1-00103,P009,View
I002472,2026-08-22 17:18:34,C0045,L1-00103,P009,Add_to_Cart
I002473,2026-08-22 17:18:45,C0045,L1-00103,P010,View
I002474,2026-08-22 17:19:12,C0045,L1-00103,P010,Add_to_Cart
I002475,2026-08-22 17:20:39,C0045,L1-00103,P018,View
I002476,2026-08-22 17:35:00,C0011,L2-00096,P022,View
I002477,2026-08-22 17:35:33,C0011,L2-00096,P022,Add_to_Cart
I002478,2026-08-22 18:06:00,C0095,L2-00108,P030,View
I002479,2026-08-22 18:07:36,C0095,L2-00108,P030,Add_to_Cart
I002480,2026-08-22 18:14:06,C0048,L1-00115,P012,View
I002481,2026-08-22 18:17:09,C0048,L1-00115,P027,View
I002482,2026-08-22 18:19:03,C0048,L1-00115,P033,View
I002483,2026-08-22 18:19:48,C0048,L1-00115,P009,View
I002484,2026-08-22 18:20:43,C0048,L1-00115,P033,Add_to_Cart
I002485,2026-08-22 18:23:33,C0048,L1-00115,P008,View
I002486,2026-08-22 18:25:29,C0048,L1-00115,P008,Add_to_Cart
I002487,2026-08-22 18:27:03,C0007,L1-00013,P002,View
I002488,2026-08-22 18:27:51,C0007,L1-00013,P030,View
I002489,2026-08-22 18:28:20,C0007,L1-00013,P016,View
I002490,2026-08-22 18:30:00,C0007,L1-00013,P031,View
I002491,2026-08-22 18:32:33,C0007,L1-00013,P027,View
I002492,2026-08-22 18:33:59,C0007,L1-00013,P027,Add_to_Cart
I002493,2026-08-22 18:35:29,C0007,L1-00013,P034,View
I002494,2026-08-22 18:38:47,C0007,L1-00013,P002,View
I002495,2026-08-22 18:41:38,C0007,L1-00013,P023,View
I002496,2026-08-22 19:13:00,C0182,L2-00090,P017,View
I002497,2026-08-22 19:13:00,C0100,L2-00082,P013,View
I002498,2026-08-22 19:13:55,C0100,L2-00082,P013,Add_to_Cart
I002499,2026-08-22 19:15:01,C0182,L2-00090,P017,Add_to_Cart
I002500,2026-08-22 19:21:00,C0025,L2-00105,P026,View
I002501,2026-08-22 20:06:00,C0037,L2-00102,P026,View
I002502,2026-08-23 08:01:12,C0046,L1-00107,P031,View
I002503,2026-08-23 08:03:21,C0046,L1-00107,P031,View
I002504,2026-08-23 08:03:44,C0046,L1-00107,P011,View
I002505,2026-08-23 08:05:19,C0046,L1-00107,P011,Add_to_Cart
I002506,2026-08-23 08:06:51,C0046,L1-00107,P006,View
I002507,2026-08-23 08:07:16,C0046,L1-00107,P006,Add_to_Cart
I002508,2026-08-23 08:57:00,C0152,L2-00115,P013,View
I002509,2026-08-23 08:59:18,C0152,L2-00115,P013,Add_to_Cart
I002510,2026-08-23 09:51:33,C0073,L1-00192,P009,View
I002511,2026-08-23 09:52:00,C0093,L2-00111,P013,View
I002512,2026-08-23 09:52:11,C0073,L1-00192,P009,Add_to_Cart
I002513,2026-08-23 09:52:29,C0073,L1-00192,P012,View
I002514,2026-08-23 09:52:55,C0073,L1-00192,P012,Add_to_Cart
I002515,2026-08-23 09:53:29,C0073,L1-00192,P002,View
I002516,2026-08-23 09:53:50,C0073,L1-00192,P002,Add_to_Cart
I002517,2026-08-23 09:53:55,C0093,L2-00111,P013,Add_to_Cart
I002518,2026-08-23 09:55:17,C0073,L1-00192,P003,View
I002519,2026-08-23 09:55:32,C0073,L1-00192,P003,Add_to_Cart
I002520,2026-08-23 09:58:25,C0073,L1-00192,P024,View
I002521,2026-08-23 09:59:45,C0073,L1-00192,P024,Add_to_Cart
I002522,2026-08-23 10:52:00,C0126,L2-00123,P026,View
I002523,2026-08-23 11:03:00,C0070,L2-00126,P026,View
I002524,2026-08-23 11:06:53,C0065,L1-00170,P027,View
I002525,2026-08-23 11:08:07,C0065,L1-00170,P004,View
I002526,2026-08-23 11:08:24,C0065,L1-00170,P004,Add_to_Cart
I002527,2026-08-23 11:11:59,C0065,L1-00170,P032,View
I002528,2026-08-23 11:13:56,C0065,L1-00170,P023,View
I002529,2026-08-23 11:14:18,C0065,L1-00170,P015,View
I002530,2026-08-23 11:14:25,C0065,L1-00170,P023,Add_to_Cart
I002531,2026-08-23 11:18:00,C0170,L2-00128,P026,View
I002532,2026-08-23 11:23:05,C0015,L1-00034,P017,View
I002533,2026-08-23 11:24:03,C0015,L1-00034,P017,Add_to_Cart
I002534,2026-08-23 11:24:27,C0015,L1-00034,P018,View
I002535,2026-08-23 11:26:12,C0015,L1-00034,P018,Add_to_Cart
I002536,2026-08-23 11:26:32,C0015,L1-00034,P021,View
I002537,2026-08-23 11:27:27,C0015,L1-00034,P032,View
I002538,2026-08-23 11:27:53,C0015,L1-00034,P021,Add_to_Cart
I002539,2026-08-23 11:29:46,C0015,L1-00034,P010,View
I002540,2026-08-23 11:57:00,C0194,L2-00130,P026,View
I002541,2026-08-23 11:58:54,C0194,L2-00130,P026,Add_to_Cart
I002542,2026-08-23 12:36:34,C0023,L1-00052,P026,View
I002543,2026-08-23 12:39:43,C0023,L1-00052,P021,View
I002544,2026-08-23 12:43:06,C0023,L1-00052,P020,View
I002545,2026-08-23 12:44:32,C0023,L1-00052,P034,View
I002546,2026-08-23 12:46:24,C0023,L1-00052,P034,Add_to_Cart
I002547,2026-08-23 12:47:51,C0023,L1-00052,P007,View
I002548,2026-08-23 12:50:49,C0023,L1-00052,P002,View
I002549,2026-08-23 13:17:31,C0142,L1-00354,P015,View
I002550,2026-08-23 13:20:24,C0142,L1-00354,P016,View
I002551,2026-08-23 13:22:27,C0142,L1-00354,P019,View
I002552,2026-08-23 13:23:38,C0142,L1-00354,P019,Add_to_Cart
I002553,2026-08-23 13:26:06,C0142,L1-00354,P013,View
I002554,2026-08-23 13:28:12,C0142,L1-00354,P025,View
I002555,2026-08-23 13:31:39,C0142,L1-00354,P017,View
I002556,2026-08-23 13:31:54,C0142,L1-00354,P017,Add_to_Cart
I002557,2026-08-23 13:32:30,C0142,L1-00354,P026,View
I002558,2026-08-23 13:34:13,C0142,L1-00354,P026,Add_to_Cart
I002559,2026-08-23 13:54:00,C0164,L2-00113,P013,View
I002560,2026-08-23 13:56:18,C0164,L2-00113,P013,Add_to_Cart
I002561,2026-08-23 14:00:38,C0086,L1-00221,P019,View
I002562,2026-08-23 14:01:23,C0086,L1-00221,P025,View
I002563,2026-08-23 14:03:11,C0086,L1-00221,P025,Add_to_Cart
I002564,2026-08-23 14:03:52,C0086,L1-00221,P020,View
I002565,2026-08-23 14:07:00,C0003,L2-00114,P013,View
I002566,2026-08-23 14:30:04,C0062,L1-00158,P026,View
I002567,2026-08-23 14:31:20,C0062,L1-00158,P026,View
I002568,2026-08-23 14:32:06,C0062,L1-00158,P004,View
I002569,2026-08-23 14:33:44,C0062,L1-00158,P004,Add_to_Cart
I002570,2026-08-23 14:34:54,C0062,L1-00158,P009,View
I002571,2026-08-23 14:47:00,C0031,L2-00121,P022,View
I002572,2026-08-23 15:04:00,C0075,L2-00112,P013,View
I002573,2026-08-23 15:07:08,C0077,L1-00203,P035,View
I002574,2026-08-23 15:08:07,C0077,L1-00203,P036,View
I002575,2026-08-23 15:09:14,C0077,L1-00203,P036,Add_to_Cart
I002576,2026-08-23 15:11:13,C0077,L1-00203,P031,View
I002577,2026-08-23 15:14:16,C0077,L1-00203,P030,View
I002578,2026-08-23 15:15:54,C0077,L1-00203,P030,Add_to_Cart
I002579,2026-08-23 15:23:00,C0081,L2-00119,P017,View
I002580,2026-08-23 15:24:05,C0081,L2-00119,P017,Add_to_Cart
I002581,2026-08-23 15:24:05,C0118,L1-00293,P015,View
I002582,2026-08-23 15:25:42,C0118,L1-00293,P012,View
I002583,2026-08-23 15:27:31,C0118,L1-00293,P028,View
I002584,2026-08-23 15:29:27,C0118,L1-00293,P020,View
I002585,2026-08-23 15:29:48,C0118,L1-00293,P004,View
I002586,2026-08-23 15:33:34,C0118,L1-00293,P010,View
I002587,2026-08-23 15:50:43,C0065,L1-00167,P002,View
I002588,2026-08-23 15:51:42,C0065,L1-00167,P014,View
I002589,2026-08-23 15:54:35,C0065,L1-00167,P032,View
I002590,2026-08-23 15:57:25,C0065,L1-00167,P013,View
I002591,2026-08-23 15:58:23,C0065,L1-00167,P013,Add_to_Cart
I002592,2026-08-23 16:00:47,C0065,L1-00167,P006,View
I002593,2026-08-23 16:02:00,C0002,L2-00125,P026,View
I002594,2026-08-23 16:02:32,C0065,L1-00167,P008,View
I002595,2026-08-23 16:03:03,C0065,L1-00167,P008,Add_to_Cart
I002596,2026-08-23 16:04:22,C0078,L1-00207,P006,View
I002597,2026-08-23 16:05:19,C0078,L1-00207,P006,Add_to_Cart
I002598,2026-08-23 16:08:09,C0078,L1-00207,P007,View
I002599,2026-08-23 16:11:56,C0078,L1-00207,P011,View
I002600,2026-08-23 16:15:45,C0078,L1-00207,P016,View
I002601,2026-08-23 16:17:08,C0078,L1-00207,P016,Add_to_Cart
I002602,2026-08-23 16:18:59,C0078,L1-00207,P026,View
I002603,2026-08-23 16:20:00,C0078,L1-00207,P026,Add_to_Cart
I002604,2026-08-23 16:21:26,C0193,L1-00467,P016,View
I002605,2026-08-23 16:23:08,C0193,L1-00467,P004,View
I002606,2026-08-23 16:23:50,C0193,L1-00467,P004,View
I002607,2026-08-23 16:24:42,C0193,L1-00467,P004,Add_to_Cart
I002608,2026-08-23 16:25:24,C0106,L1-00258,P001,View
I002609,2026-08-23 16:26:00,C0151,L2-00118,P017,View
I002610,2026-08-23 16:27:21,C0193,L1-00467,P025,View
I002611,2026-08-23 16:28:44,C0106,L1-00258,P017,View
I002612,2026-08-23 16:32:00,C0106,L1-00258,P031,View
I002613,2026-08-23 16:33:19,C0106,L1-00258,P031,Add_to_Cart
I002614,2026-08-23 16:34:23,C0106,L1-00258,P026,View
I002615,2026-08-23 16:36:28,C0106,L1-00258,P004,View
I002616,2026-08-23 16:37:18,C0106,L1-00258,P009,View
I002617,2026-08-23 16:40:00,C0025,L2-00120,P022,View
I002618,2026-08-23 16:53:53,C0114,L1-00287,P031,View
I002619,2026-08-23 16:56:03,C0114,L1-00287,P031,View
I002620,2026-08-23 16:56:22,C0114,L1-00287,P031,Add_to_Cart
I002621,2026-08-23 16:56:27,C0114,L1-00287,P007,View
I002622,2026-08-23 16:58:53,C0114,L1-00287,P022,View
I002623,2026-08-23 16:59:41,C0114,L1-00287,P026,View
I002624,2026-08-23 17:00:00,C0184,L2-00117,P017,View
I002625,2026-08-23 17:00:56,C0184,L2-00117,P017,Add_to_Cart
I002626,2026-08-23 17:00:57,C0114,L1-00287,P026,Add_to_Cart
I002627,2026-08-23 17:29:27,C0059,L1-00147,P015,View
I002628,2026-08-23 17:31:11,C0059,L1-00147,P015,Add_to_Cart
I002629,2026-08-23 17:32:21,C0059,L1-00147,P014,View
I002630,2026-08-23 17:36:17,C0059,L1-00147,P022,View
I002631,2026-08-23 17:36:37,C0059,L1-00147,P009,View
I002632,2026-08-23 17:36:49,C0059,L1-00147,P022,Add_to_Cart
I002633,2026-08-23 17:37:12,C0059,L1-00147,P009,Add_to_Cart
I002634,2026-08-23 17:37:35,C0059,L1-00147,P030,View
I002635,2026-08-23 17:40:51,C0059,L1-00147,P023,View
I002636,2026-08-23 17:42:43,C0059,L1-00147,P003,View
I002637,2026-08-23 17:53:06,C0098,L1-00242,P025,View
I002638,2026-08-23 17:56:25,C0098,L1-00242,P018,View
I002639,2026-08-23 17:58:07,C0098,L1-00242,P035,View
I002640,2026-08-23 17:58:33,C0098,L1-00242,P035,Add_to_Cart
I002641,2026-08-23 18:00:48,C0098,L1-00242,P008,View
I002642,2026-08-23 18:01:40,C0098,L1-00242,P008,Add_to_Cart
I002643,2026-08-23 18:02:49,C0098,L1-00242,P015,View
I002644,2026-08-23 18:03:32,C0098,L1-00242,P022,View
I002645,2026-08-23 18:56:00,C0093,L2-00131,P026,View
I002646,2026-08-23 18:59:00,C0104,L2-00127,P026,View
I002647,2026-08-23 19:01:20,C0104,L2-00127,P026,Add_to_Cart
I002648,2026-08-23 19:09:00,C0189,L2-00110,P013,View
I002649,2026-08-23 19:22:06,C0109,L1-00268,P013,View
I002650,2026-08-23 19:25:08,C0109,L1-00268,P009,View
I002651,2026-08-23 19:26:14,C0109,L1-00268,P025,View
I002652,2026-08-23 19:41:50,C0104,L1-00254,P032,View
I002653,2026-08-23 19:44:25,C0104,L1-00254,P004,View
I002654,2026-08-23 19:46:09,C0104,L1-00254,P011,View
I002655,2026-08-23 19:47:31,C0104,L1-00254,P011,Add_to_Cart
I002656,2026-08-23 19:49:00,C0132,L2-00129,P026,View
I002657,2026-08-23 19:50:50,C0132,L2-00129,P026,Add_to_Cart
I002658,2026-08-23 20:33:00,C0178,L2-00124,P026,View
I002659,2026-08-23 20:33:28,C0178,L2-00124,P026,Add_to_Cart
I002660,2026-08-23 21:25:00,C0174,L2-00116,P017,View
I002661,2026-08-23 21:26:08,C0174,L2-00116,P017,Add_to_Cart
I002662,2026-08-23 22:45:04,C0111,L1-00280,P010,View
I002663,2026-08-23 22:48:04,C0111,L1-00280,P031,View
I002664,2026-08-23 22:50:24,C0111,L1-00280,P025,View
I002665,2026-08-23 22:51:46,C0111,L1-00280,P025,Add_to_Cart
I002666,2026-08-23 22:51:58,C0111,L1-00280,P018,View
I002667,2026-08-23 22:53:00,C0111,L1-00280,P028,View
I002668,2026-08-23 22:55:12,C0111,L1-00280,P028,View
I002669,2026-08-23 23:31:14,C0152,L1-00384,P009,View
I002670,2026-08-23 23:34:09,C0152,L1-00384,P002,View
I002671,2026-08-23 23:36:56,C0152,L1-00384,P026,View
I002672,2026-08-23 23:39:47,C0152,L1-00384,P036,View
I002673,2026-08-23 23:40:08,C0152,L1-00384,P029,View
I002674,2026-08-23 23:40:27,C0152,L1-00384,P036,Add_to_Cart
I002675,2026-08-23 23:42:00,C0134,L2-00122,P022,View
I002676,2026-08-24 08:12:00,C0019,L2-00150,P026,View
I002677,2026-08-24 08:19:06,C0092,L1-00231,P009,View
I002678,2026-08-24 08:21:41,C0092,L1-00231,P022,View
I002679,2026-08-24 08:23:24,C0092,L1-00231,P035,View
I002680,2026-08-24 08:24:22,C0092,L1-00231,P023,View
I002681,2026-08-24 08:27:27,C0092,L1-00231,P008,View
I002682,2026-08-24 08:27:47,C0092,L1-00231,P031,View
I002683,2026-08-24 08:29:11,C0092,L1-00231,P008,Add_to_Cart
I002684,2026-08-24 08:45:00,C0104,L2-00154,P030,View
I002685,2026-08-24 08:54:00,C0068,L2-00136,P017,View
I002686,2026-08-24 08:54:21,C0068,L2-00136,P017,Add_to_Cart
I002687,2026-08-24 10:03:40,C0176,L1-00434,P011,View
I002688,2026-08-24 10:04:48,C0176,L1-00434,P011,Add_to_Cart
I002689,2026-08-24 10:06:36,C0176,L1-00434,P016,View
I002690,2026-08-24 10:09:22,C0176,L1-00434,P007,View
I002691,2026-08-24 10:10:21,C0176,L1-00434,P003,View
I002692,2026-08-24 10:13:30,C0176,L1-00434,P025,View
I002693,2026-08-24 10:15:29,C0176,L1-00434,P025,Add_to_Cart
I002694,2026-08-24 10:16:06,C0176,L1-00434,P026,View
I002695,2026-08-24 10:18:52,C0176,L1-00434,P022,View
I002696,2026-08-24 10:20:00,C0025,L2-00143,P022,View
I002697,2026-08-24 10:20:05,C0176,L1-00434,P029,View
I002698,2026-08-24 10:20:36,C0025,L2-00143,P022,Add_to_Cart
I002699,2026-08-24 10:24:00,C0097,L2-00132,P013,View
I002700,2026-08-24 10:25:40,C0097,L2-00132,P013,Add_to_Cart
I002701,2026-08-24 11:52:43,C0126,L1-00315,P011,View
I002702,2026-08-24 11:54:23,C0126,L1-00315,P002,View
I002703,2026-08-24 11:55:34,C0126,L1-00315,P002,Add_to_Cart
I002704,2026-08-24 11:57:50,C0126,L1-00315,P017,View
I002705,2026-08-24 11:59:48,C0126,L1-00315,P017,Add_to_Cart
I002706,2026-08-24 12:00:35,C0126,L1-00315,P032,View
I002707,2026-08-24 12:01:14,C0126,L1-00315,P032,Add_to_Cart
I002708,2026-08-24 12:03:00,C0029,L2-00153,P026,View
I002709,2026-08-24 12:03:00,C0002,L2-00144,P022,View
I002710,2026-08-24 12:03:53,C0002,L2-00144,P022,Add_to_Cart
I002711,2026-08-24 12:04:00,C0024,L2-00145,P026,View
I002712,2026-08-24 12:05:25,C0024,L2-00145,P026,Add_to_Cart
I002713,2026-08-24 12:08:00,C0064,L2-00139,P017,View
I002714,2026-08-24 12:35:00,C0138,L2-00156,P030,View
I002715,2026-08-24 12:58:00,C0057,L2-00147,P026,View
I002716,2026-08-24 13:32:00,C0016,L2-00151,P026,View
I002717,2026-08-24 14:08:00,C0056,L2-00137,P017,View
I002718,2026-08-24 14:33:00,C0151,L2-00149,P026,View
I002719,2026-08-24 14:39:25,C0189,L1-00463,P017,View
I002720,2026-08-24 14:40:14,C0189,L1-00463,P017,Add_to_Cart
I002721,2026-08-24 14:41:46,C0189,L1-00463,P021,View
I002722,2026-08-24 14:43:08,C0189,L1-00463,P002,View
I002723,2026-08-24 14:47:00,C0170,L2-00135,P017,View
I002724,2026-08-24 14:59:19,C0138,L1-00339,P006,View
I002725,2026-08-24 15:00:03,C0138,L1-00339,P026,View
I002726,2026-08-24 15:01:55,C0138,L1-00339,P021,View
I002727,2026-08-24 15:03:18,C0138,L1-00339,P011,View
I002728,2026-08-24 15:03:50,C0138,L1-00339,P011,Add_to_Cart
I002729,2026-08-24 15:06:19,C0138,L1-00339,P015,View
I002730,2026-08-24 15:08:00,C0068,L2-00155,P030,View
I002731,2026-08-24 15:18:00,C0110,L2-00142,P022,View
I002732,2026-08-24 15:39:43,C0046,L1-00109,P033,View
I002733,2026-08-24 15:41:22,C0046,L1-00109,P011,View
I002734,2026-08-24 15:45:12,C0046,L1-00109,P015,View
I002735,2026-08-24 15:46:00,C0057,L2-00148,P026,View
I002736,2026-08-24 15:46:21,C0046,L1-00109,P015,Add_to_Cart
I002737,2026-08-24 15:46:52,C0046,L1-00109,P029,View
I002738,2026-08-24 15:47:28,C0046,L1-00109,P002,View
I002739,2026-08-24 15:47:40,C0046,L1-00109,P029,Add_to_Cart
I002740,2026-08-24 15:48:00,C0045,L2-00157,P030,View
I002741,2026-08-24 15:49:18,C0046,L1-00109,P004,View
I002742,2026-08-24 16:40:00,C0041,L2-00152,P026,View
I002743,2026-08-24 17:14:15,C0020,L1-00044,P028,View
I002744,2026-08-24 17:14:49,C0020,L1-00044,P012,View
I002745,2026-08-24 17:15:00,C0129,L2-00158,P030,View
I002746,2026-08-24 17:15:50,C0020,L1-00044,P012,Add_to_Cart
I002747,2026-08-24 17:15:53,C0020,L1-00044,P001,View
I002748,2026-08-24 17:17:54,C0020,L1-00044,P004,View
I002749,2026-08-24 17:20:00,C0019,L2-00133,P013,View
I002750,2026-08-24 17:20:27,C0020,L1-00044,P017,View
I002751,2026-08-24 17:21:06,C0020,L1-00044,P030,View
I002752,2026-08-24 17:21:46,C0020,L1-00044,P017,Add_to_Cart
I002753,2026-08-24 17:22:12,C0020,L1-00044,P015,View
I002754,2026-08-24 17:24:28,C0120,L1-00302,P016,View
I002755,2026-08-24 17:24:29,C0157,L1-00388,P033,View
I002756,2026-08-24 17:24:50,C0120,L1-00302,P017,View
I002757,2026-08-24 17:25:02,C0120,L1-00302,P016,Add_to_Cart
I002758,2026-08-24 17:25:32,C0120,L1-00302,P017,View
I002759,2026-08-24 17:25:46,C0020,L1-00044,P026,View
I002760,2026-08-24 17:27:15,C0157,L1-00388,P028,View
I002761,2026-08-24 17:29:07,C0120,L1-00302,P004,View
I002762,2026-08-24 17:30:10,C0157,L1-00388,P020,View
I002763,2026-08-24 17:30:56,C0120,L1-00302,P004,Add_to_Cart
I002764,2026-08-24 17:31:25,C0157,L1-00388,P019,View
I002765,2026-08-24 17:32:17,C0157,L1-00388,P019,View
I002766,2026-08-24 17:32:23,C0120,L1-00302,P017,View
I002767,2026-08-24 17:35:02,C0157,L1-00388,P007,View
I002768,2026-08-24 17:35:17,C0157,L1-00388,P007,Add_to_Cart
I002769,2026-08-24 17:40:00,C0195,L2-00134,P017,View
I002770,2026-08-24 17:41:59,C0195,L2-00134,P017,Add_to_Cart
I002771,2026-08-24 17:46:00,C0094,L2-00146,P026,View
I002772,2026-08-24 17:47:04,C0150,L1-00374,P009,View
I002773,2026-08-24 17:47:46,C0150,L1-00374,P009,Add_to_Cart
I002774,2026-08-24 17:48:03,C0150,L1-00374,P007,View
I002775,2026-08-24 17:51:31,C0150,L1-00374,P008,View
I002776,2026-08-24 17:55:29,C0150,L1-00374,P024,View
I002777,2026-08-24 17:57:15,C0150,L1-00374,P021,View
I002778,2026-08-24 18:00:42,C0150,L1-00374,P013,View
I002779,2026-08-24 18:01:54,C0150,L1-00374,P013,Add_to_Cart
I002780,2026-08-24 18:22:57,C0006,L1-00010,P026,View
I002781,2026-08-24 18:25:30,C0006,L1-00010,P025,View
I002782,2026-08-24 18:29:01,C0006,L1-00010,P010,View
I002783,2026-08-24 18:35:00,C0011,L2-00141,P017,View
I002784,2026-08-24 19:29:29,C0041,L1-00092,P033,View
I002785,2026-08-24 19:31:17,C0041,L1-00092,P033,Add_to_Cart
I002786,2026-08-24 19:33:13,C0041,L1-00092,P017,View
I002787,2026-08-24 19:35:12,C0041,L1-00092,P017,Add_to_Cart
I002788,2026-08-24 19:36:09,C0041,L1-00092,P028,View
I002789,2026-08-24 19:36:48,C0041,L1-00092,P034,View
I002790,2026-08-24 19:38:54,C0041,L1-00092,P002,View
I002791,2026-08-24 19:40:39,C0041,L1-00092,P002,Add_to_Cart
I002792,2026-08-24 21:13:18,C0159,L1-00392,P031,View
I002793,2026-08-24 21:16:18,C0159,L1-00392,P002,View
I002794,2026-08-24 21:18:03,C0159,L1-00392,P002,Add_to_Cart
I002795,2026-08-24 21:19:43,C0159,L1-00392,P034,View
I002796,2026-08-24 21:22:32,C0159,L1-00392,P008,View
I002797,2026-08-24 21:25:32,C0159,L1-00392,P011,View
I002798,2026-08-24 21:40:00,C0045,L2-00138,P017,View
I002799,2026-08-24 23:18:00,C0171,L2-00140,P017,View
I002800,2026-08-24 23:19:12,C0171,L2-00140,P017,Add_to_Cart
I002801,2026-08-25 08:34:26,C0106,L1-00259,P026,View
I002802,2026-08-25 08:37:19,C0106,L1-00259,P013,View
I002803,2026-08-25 08:39:10,C0106,L1-00259,P013,View
I002804,2026-08-25 08:42:10,C0106,L1-00259,P030,View
I002805,2026-08-25 08:45:48,C0106,L1-00259,P011,View
I002806,2026-08-25 08:56:00,C0183,L2-00179,P026,View
I002807,2026-08-25 09:01:54,C0066,L1-00175,P033,View
I002808,2026-08-25 09:02:45,C0066,L1-00175,P006,View
I002809,2026-08-25 09:05:03,C0066,L1-00175,P012,View
I002810,2026-08-25 09:06:07,C0066,L1-00175,P012,Add_to_Cart
I002811,2026-08-25 09:06:20,C0066,L1-00175,P034,View
I002812,2026-08-25 09:49:48,C0165,L1-00411,P033,View
I002813,2026-08-25 09:52:25,C0165,L1-00411,P011,View
I002814,2026-08-25 09:53:30,C0165,L1-00411,P004,View
I002815,2026-08-25 10:44:00,C0025,L2-00169,P022,View
I002816,2026-08-25 10:44:45,C0025,L2-00169,P022,Add_to_Cart
I002817,2026-08-25 11:09:00,C0141,L2-00170,P026,View
I002818,2026-08-25 12:03:00,C0184,L2-00172,P026,View
I002819,2026-08-25 12:03:42,C0184,L2-00172,P026,Add_to_Cart
I002820,2026-08-25 12:30:08,C0076,L1-00198,P011,View
I002821,2026-08-25 12:30:35,C0076,L1-00198,P011,Add_to_Cart
I002822,2026-08-25 12:30:43,C0076,L1-00198,P004,View
I002823,2026-08-25 12:31:53,C0076,L1-00198,P004,Add_to_Cart
I002824,2026-08-25 12:33:07,C0076,L1-00198,P023,View
I002825,2026-08-25 12:33:22,C0076,L1-00198,P023,Add_to_Cart
I002826,2026-08-25 13:18:00,C0065,L2-00159,P013,View
I002827,2026-08-25 13:28:57,C0169,L1-00416,P028,View
I002828,2026-08-25 13:29:26,C0169,L1-00416,P028,Add_to_Cart
I002829,2026-08-25 13:30:00,C0162,L2-00173,P026,View
I002830,2026-08-25 13:31:07,C0169,L1-00416,P013,View
I002831,2026-08-25 13:32:14,C0169,L1-00416,P013,Add_to_Cart
I002832,2026-08-25 13:32:32,C0169,L1-00416,P031,View
I002833,2026-08-25 13:33:32,C0169,L1-00416,P031,Add_to_Cart
I002834,2026-08-25 13:33:44,C0169,L1-00416,P015,View
I002835,2026-08-25 13:55:00,C0046,L2-00163,P013,View
I002836,2026-08-25 13:55:42,C0050,L1-00124,P032,View
I002837,2026-08-25 13:56:19,C0050,L1-00124,P009,View
I002838,2026-08-25 13:57:19,C0050,L1-00124,P032,Add_to_Cart
I002839,2026-08-25 13:57:46,C0050,L1-00124,P030,View
I002840,2026-08-25 14:00:34,C0050,L1-00124,P028,View
I002841,2026-08-25 14:03:19,C0050,L1-00124,P015,View
I002842,2026-08-25 14:06:11,C0050,L1-00124,P030,View
I002843,2026-08-25 14:06:53,C0050,L1-00124,P030,Add_to_Cart
I002844,2026-08-25 14:08:07,C0050,L1-00124,P015,View
I002845,2026-08-25 14:09:02,C0050,L1-00124,P015,Add_to_Cart
I002846,2026-08-25 14:10:42,C0050,L1-00124,P018,View
I002847,2026-08-25 14:14:00,C0079,L2-00161,P013,View
I002848,2026-08-25 14:15:53,C0079,L2-00161,P013,Add_to_Cart
I002849,2026-08-25 14:18:00,C0076,L2-00165,P017,View
I002850,2026-08-25 14:32:00,C0072,L2-00184,P030,View
I002851,2026-08-25 14:51:00,C0156,L2-00162,P013,View
I002852,2026-08-25 14:51:41,C0123,L1-00308,P007,View
I002853,2026-08-25 14:55:00,C0101,L2-00166,P017,View
I002854,2026-08-25 14:55:24,C0123,L1-00308,P023,View
I002855,2026-08-25 14:56:13,C0123,L1-00308,P034,View
I002856,2026-08-25 14:56:18,C0101,L2-00166,P017,Add_to_Cart
I002857,2026-08-25 14:57:08,C0123,L1-00308,P023,Add_to_Cart
I002858,2026-08-25 14:57:34,C0123,L1-00308,P036,View
I002859,2026-08-25 14:57:50,C0123,L1-00308,P036,Add_to_Cart
I002860,2026-08-25 15:28:46,C0066,L1-00176,P024,View
I002861,2026-08-25 15:30:17,C0066,L1-00176,P026,View
I002862,2026-08-25 15:31:35,C0066,L1-00176,P001,View
I002863,2026-08-25 15:33:00,C0155,L2-00167,P017,View
I002864,2026-08-25 15:33:12,C0066,L1-00176,P001,Add_to_Cart
I002865,2026-08-25 15:35:13,C0155,L2-00167,P017,Add_to_Cart
I002866,2026-08-25 15:35:26,C0066,L1-00176,P034,View
I002867,2026-08-25 15:35:47,C0066,L1-00176,P034,Add_to_Cart
I002868,2026-08-25 15:48:00,C0121,L2-00177,P026,View
I002869,2026-08-25 15:49:20,C0121,L2-00177,P026,Add_to_Cart
I002870,2026-08-25 15:50:00,C0036,L2-00178,P026,View
I002871,2026-08-25 15:52:36,C0197,L1-00480,P008,View
I002872,2026-08-25 15:55:56,C0197,L1-00480,P023,View
I002873,2026-08-25 15:59:31,C0197,L1-00480,P004,View
I002874,2026-08-25 16:22:00,C0061,L2-00174,P026,View
I002875,2026-08-25 16:23:35,C0061,L2-00174,P026,Add_to_Cart
I002876,2026-08-25 16:39:00,C0098,L2-00160,P013,View
I002877,2026-08-25 16:41:21,C0098,L2-00160,P013,Add_to_Cart
I002878,2026-08-25 17:01:00,C0176,L2-00168,P022,View
I002879,2026-08-25 17:02:17,C0176,L2-00168,P022,Add_to_Cart
I002880,2026-08-25 17:18:00,C0049,L2-00164,P017,View
I002881,2026-08-25 17:23:00,C0145,L2-00175,P026,View
I002882,2026-08-25 17:42:00,C0186,L2-00176,P026,View
I002883,2026-08-25 17:52:00,C0075,L2-00183,P030,View
I002884,2026-08-25 17:52:00,C0009,L2-00180,P026,View
I002885,2026-08-25 19:02:28,C0061,L1-00152,P015,View
I002886,2026-08-25 19:02:52,C0061,L1-00152,P026,View
I002887,2026-08-25 19:05:16,C0061,L1-00152,P030,View
I002888,2026-08-25 19:06:22,C0061,L1-00152,P034,View
I002889,2026-08-25 19:06:44,C0061,L1-00152,P009,View
I002890,2026-08-25 19:06:46,C0061,L1-00152,P030,Add_to_Cart
I002891,2026-08-25 19:09:07,C0061,L1-00152,P025,View
I002892,2026-08-25 19:32:00,C0045,L2-00182,P030,View
I002893,2026-08-25 19:55:18,C0066,L1-00173,P018,View
I002894,2026-08-25 19:59:04,C0066,L1-00173,P030,View
I002895,2026-08-25 20:00:25,C0066,L1-00173,P018,View
I002896,2026-08-25 20:00:51,C0066,L1-00173,P030,Add_to_Cart
I002897,2026-08-25 20:02:46,C0066,L1-00173,P012,View
I002898,2026-08-25 20:04:32,C0066,L1-00173,P012,Add_to_Cart
I002899,2026-08-25 20:04:59,C0066,L1-00173,P007,View
I002900,2026-08-25 20:06:28,C0066,L1-00173,P007,Add_to_Cart
I002901,2026-08-25 21:31:00,C0076,L2-00171,P026,View
I002902,2026-08-25 23:07:00,C0057,L2-00181,P030,View
I002903,2026-08-26 08:12:00,C0102,L2-00195,P026,View
I002904,2026-08-26 08:23:00,C0010,L2-00186,P013,View
I002905,2026-08-26 08:49:30,C0037,L1-00082,P017,View
I002906,2026-08-26 08:50:16,C0037,L1-00082,P003,View
I002907,2026-08-26 08:51:37,C0037,L1-00082,P007,View
I002908,2026-08-26 08:52:15,C0037,L1-00082,P003,Add_to_Cart
I002909,2026-08-26 08:53:52,C0037,L1-00082,P020,View
I002910,2026-08-26 08:54:29,C0037,L1-00082,P023,View
I002911,2026-08-26 08:58:04,C0037,L1-00082,P018,View
I002912,2026-08-26 09:01:19,C0037,L1-00082,P018,View
I002913,2026-08-26 09:02:17,C0037,L1-00082,P018,Add_to_Cart
I002914,2026-08-26 11:03:00,C0184,L2-00189,P017,View
I002915,2026-08-26 11:03:44,C0184,L2-00189,P017,Add_to_Cart
I002916,2026-08-26 11:12:00,C0054,L2-00199,P030,View
I002917,2026-08-26 11:12:35,C0054,L2-00199,P030,Add_to_Cart
I002918,2026-08-26 11:30:22,C0059,L1-00146,P009,View
I002919,2026-08-26 11:30:41,C0059,L1-00146,P009,Add_to_Cart
I002920,2026-08-26 11:31:12,C0059,L1-00146,P021,View
I002921,2026-08-26 11:32:15,C0059,L1-00146,P021,Add_to_Cart
I002922,2026-08-26 11:35:04,C0059,L1-00146,P005,View
I002923,2026-08-26 11:35:24,C0059,L1-00146,P005,Add_to_Cart
I002924,2026-08-26 11:36:52,C0059,L1-00146,P032,View
I002925,2026-08-26 11:38:24,C0059,L1-00146,P017,View
I002926,2026-08-26 11:42:09,C0059,L1-00146,P032,View
I002927,2026-08-26 11:42:59,C0059,L1-00146,P017,View
I002928,2026-08-26 11:43:30,C0059,L1-00146,P017,Add_to_Cart
I002929,2026-08-26 11:43:51,C0059,L1-00146,P032,Add_to_Cart
I002930,2026-08-26 11:56:00,C0086,L2-00196,P030,View
I002931,2026-08-26 12:25:37,C0023,L1-00053,P028,View
I002932,2026-08-26 12:26:11,C0023,L1-00053,P028,Add_to_Cart
I002933,2026-08-26 12:28:52,C0023,L1-00053,P023,View
I002934,2026-08-26 12:30:43,C0023,L1-00053,P023,Add_to_Cart
I002935,2026-08-26 12:30:46,C0023,L1-00053,P013,View
I002936,2026-08-26 12:31:09,C0023,L1-00053,P013,Add_to_Cart
I002937,2026-08-26 12:31:11,C0023,L1-00053,P014,View
I002938,2026-08-26 12:31:57,C0023,L1-00053,P014,Add_to_Cart
I002939,2026-08-26 12:32:44,C0023,L1-00053,P015,View
I002940,2026-08-26 12:33:08,C0023,L1-00053,P015,Add_to_Cart
I002941,2026-08-26 12:34:36,C0023,L1-00053,P010,View
I002942,2026-08-26 12:45:34,C0024,L1-00056,P032,View
I002943,2026-08-26 12:48:23,C0024,L1-00056,P030,View
I002944,2026-08-26 12:49:17,C0024,L1-00056,P026,View
I002945,2026-08-26 12:52:35,C0024,L1-00056,P015,View
I002946,2026-08-26 12:55:08,C0024,L1-00056,P013,View
I002947,2026-08-26 12:58:33,C0024,L1-00056,P016,View
I002948,2026-08-26 13:29:00,C0022,L2-00193,P026,View
I002949,2026-08-26 13:31:15,C0022,L2-00193,P026,Add_to_Cart
I002950,2026-08-26 14:44:00,C0003,L2-00187,P013,View
I002951,2026-08-26 14:44:26,C0003,L2-00187,P013,Add_to_Cart
I002952,2026-08-26 15:00:00,C0056,L2-00194,P026,View
I002953,2026-08-26 15:35:52,C0062,L1-00157,P017,View
I002954,2026-08-26 15:37:01,C0062,L1-00157,P023,View
I002955,2026-08-26 15:37:51,C0062,L1-00157,P017,Add_to_Cart
I002956,2026-08-26 15:39:03,C0062,L1-00157,P004,View
I002957,2026-08-26 15:40:29,C0062,L1-00157,P025,View
I002958,2026-08-26 15:40:39,C0062,L1-00157,P004,Add_to_Cart
I002959,2026-08-26 16:18:28,C0111,L1-00281,P032,View
I002960,2026-08-26 16:19:57,C0111,L1-00281,P009,View
I002961,2026-08-26 16:20:04,C0111,L1-00281,P032,Add_to_Cart
I002962,2026-08-26 16:20:30,C0111,L1-00281,P020,View
I002963,2026-08-26 16:22:22,C0111,L1-00281,P020,Add_to_Cart
I002964,2026-08-26 16:23:58,C0111,L1-00281,P026,View
I002965,2026-08-26 16:24:35,C0111,L1-00281,P026,Add_to_Cart
I002966,2026-08-26 16:24:39,C0111,L1-00281,P036,View
I002967,2026-08-26 16:26:48,C0111,L1-00281,P024,View
I002968,2026-08-26 16:28:35,C0111,L1-00281,P024,View
I002969,2026-08-26 16:29:25,C0111,L1-00281,P024,Add_to_Cart
I002970,2026-08-26 16:32:31,C0111,L1-00281,P010,View
I002971,2026-08-26 16:33:01,C0020,L1-00043,P030,View
I002972,2026-08-26 16:36:40,C0020,L1-00043,P008,View
I002973,2026-08-26 16:38:02,C0020,L1-00043,P034,View
I002974,2026-08-26 16:39:40,C0020,L1-00043,P034,Add_to_Cart
I002975,2026-08-26 16:41:32,C0020,L1-00043,P028,View
I002976,2026-08-26 16:45:10,C0020,L1-00043,P022,View
I002977,2026-08-26 16:47:27,C0020,L1-00043,P010,View
I002978,2026-08-26 16:50:56,C0043,L1-00098,P013,View
I002979,2026-08-26 16:54:31,C0043,L1-00098,P009,View
I002980,2026-08-26 16:55:54,C0043,L1-00098,P009,Add_to_Cart
I002981,2026-08-26 16:55:56,C0072,L1-00185,P028,View
I002982,2026-08-26 16:57:18,C0072,L1-00185,P028,Add_to_Cart
I002983,2026-08-26 16:58:02,C0043,L1-00098,P034,View
I002984,2026-08-26 16:58:20,C0072,L1-00185,P025,View
I002985,2026-08-26 17:00:41,C0072,L1-00185,P021,View
I002986,2026-08-26 17:01:44,C0043,L1-00098,P022,View
I002987,2026-08-26 17:02:15,C0072,L1-00185,P021,Add_to_Cart
I002988,2026-08-26 17:04:36,C0072,L1-00185,P014,View
I002989,2026-08-26 17:05:15,C0043,L1-00098,P015,View
I002990,2026-08-26 17:05:26,C0072,L1-00185,P014,Add_to_Cart
I002991,2026-08-26 17:05:44,C0072,L1-00185,P031,View
I002992,2026-08-26 17:07:13,C0043,L1-00098,P015,View
I002993,2026-08-26 17:44:00,C0164,L2-00192,P022,View
I002994,2026-08-26 17:44:32,C0164,L2-00192,P022,Add_to_Cart
I002995,2026-08-26 17:45:00,C0199,L2-00188,P013,View
I002996,2026-08-26 17:49:00,C0156,L2-00190,P017,View
I002997,2026-08-26 17:50:02,C0156,L2-00190,P017,Add_to_Cart
I002998,2026-08-26 17:58:00,C0189,L2-00185,P013,View
I002999,2026-08-26 17:59:29,C0189,L2-00185,P013,Add_to_Cart
I003000,2026-08-26 18:12:00,C0150,L2-00191,P017,View
I003001,2026-08-26 19:02:00,C0158,L2-00197,P030,View
I003002,2026-08-26 19:32:31,C0021,L1-00046,P024,View
I003003,2026-08-26 19:33:47,C0021,L1-00046,P024,Add_to_Cart
I003004,2026-08-26 19:35:49,C0021,L1-00046,P034,View
I003005,2026-08-26 19:38:16,C0021,L1-00046,P011,View
I003006,2026-08-26 20:45:56,C0160,L1-00394,P022,View
I003007,2026-08-26 20:47:08,C0160,L1-00394,P022,Add_to_Cart
I003008,2026-08-26 20:49:02,C0160,L1-00394,P005,View
I003009,2026-08-26 20:50:13,C0160,L1-00394,P005,Add_to_Cart
I003010,2026-08-26 20:52:09,C0160,L1-00394,P023,View
I003011,2026-08-26 20:52:36,C0160,L1-00394,P023,Add_to_Cart
I003012,2026-08-26 22:32:06,C0012,L1-00026,P015,View
I003013,2026-08-26 22:35:01,C0012,L1-00026,P018,View
I003014,2026-08-26 22:37:09,C0012,L1-00026,P025,View
I003015,2026-08-26 22:38:12,C0012,L1-00026,P022,View
I003016,2026-08-26 22:39:02,C0012,L1-00026,P022,Add_to_Cart
I003017,2026-08-26 22:39:51,C0012,L1-00026,P030,View
I003018,2026-08-26 23:12:00,C0055,L2-00198,P030,View
I003019,2026-08-26 23:14:20,C0055,L2-00198,P030,Add_to_Cart
I003020,2026-08-26 23:44:38,C0055,L1-00137,P007,View
I003021,2026-08-26 23:48:08,C0055,L1-00137,P023,View
I003022,2026-08-26 23:51:23,C0055,L1-00137,P006,View
I003023,2026-08-27 08:14:00,C0112,L2-00216,P026,View
I003024,2026-08-27 08:15:37,C0080,L1-00212,P008,View
I003025,2026-08-27 08:15:59,C0080,L1-00212,P025,View
I003026,2026-08-27 08:16:08,C0080,L1-00212,P008,Add_to_Cart
I003027,2026-08-27 08:18:14,C0080,L1-00212,P026,View
I003028,2026-08-27 09:29:00,C0162,L2-00213,P017,View
I003029,2026-08-27 10:13:00,C0120,L2-00219,P026,View
I003030,2026-08-27 10:14:17,C0120,L2-00219,P026,Add_to_Cart
I003031,2026-08-27 10:34:00,C0056,L2-00230,P030,View
I003032,2026-08-27 10:35:13,C0056,L2-00230,P030,Add_to_Cart
I003033,2026-08-27 10:44:00,C0131,L2-00229,P030,View
I003034,2026-08-27 11:09:00,C0114,L2-00225,P026,View
I003035,2026-08-27 11:11:00,C0019,L2-00232,P030,View
I003036,2026-08-27 11:12:00,C0143,L2-00211,P017,View
I003037,2026-08-27 11:13:15,C0143,L2-00211,P017,Add_to_Cart
I003038,2026-08-27 11:26:00,C0021,L2-00224,P026,View
I003039,2026-08-27 11:30:00,C0122,L2-00217,P026,View
I003040,2026-08-27 11:30:24,C0122,L2-00217,P026,Add_to_Cart
I003041,2026-08-27 11:53:00,C0077,L2-00226,P026,View
I003042,2026-08-27 12:16:07,C0198,L1-00483,P022,View
I003043,2026-08-27 12:16:43,C0198,L1-00483,P033,View
I003044,2026-08-27 12:16:57,C0198,L1-00483,P022,Add_to_Cart
I003045,2026-08-27 12:20:01,C0198,L1-00483,P026,View
I003046,2026-08-27 12:53:00,C0025,L2-00218,P026,View
I003047,2026-08-27 12:56:24,C0194,L1-00472,P025,View
I003048,2026-08-27 12:57:18,C0194,L1-00472,P025,Add_to_Cart
I003049,2026-08-27 12:59:12,C0194,L1-00472,P028,View
I003050,2026-08-27 13:01:55,C0194,L1-00472,P009,View
I003051,2026-08-27 13:04:36,C0194,L1-00472,P028,View
I003052,2026-08-27 13:05:00,C0194,L1-00472,P033,View
I003053,2026-08-27 13:05:19,C0194,L1-00472,P033,Add_to_Cart
I003054,2026-08-27 13:13:00,C0124,L2-00221,P026,View
I003055,2026-08-27 13:18:00,C0157,L2-00223,P026,View
I003056,2026-08-27 13:19:00,C0198,L2-00228,P030,View
I003057,2026-08-27 13:19:53,C0198,L2-00228,P030,Add_to_Cart
I003058,2026-08-27 13:41:12,C0112,L1-00284,P033,View
I003059,2026-08-27 13:43:00,C0078,L2-00202,P013,View
I003060,2026-08-27 13:43:00,C0112,L1-00284,P015,View
I003061,2026-08-27 13:43:43,C0112,L1-00284,P023,View
I003062,2026-08-27 13:44:25,C0112,L1-00284,P015,Add_to_Cart
I003063,2026-08-27 13:44:29,C0112,L1-00284,P023,Add_to_Cart
I003064,2026-08-27 13:47:00,C0112,L1-00284,P028,View
I003065,2026-08-27 13:54:16,C0088,L1-00226,P006,View
I003066,2026-08-27 13:54:38,C0088,L1-00226,P026,View
I003067,2026-08-27 13:55:34,C0088,L1-00226,P009,View
I003068,2026-08-27 13:56:30,C0088,L1-00226,P009,Add_to_Cart
I003069,2026-08-27 13:58:08,C0088,L1-00226,P034,View
I003070,2026-08-27 14:00:03,C0088,L1-00226,P034,Add_to_Cart
I003071,2026-08-27 14:21:00,C0002,L2-00233,P030,View
I003072,2026-08-27 15:08:00,C0126,L2-00203,P013,View
I003073,2026-08-27 15:08:16,C0126,L2-00203,P013,Add_to_Cart
I003074,2026-08-27 15:33:00,C0047,L2-00209,P017,View
I003075,2026-08-27 15:49:00,C0044,L2-00206,P017,View
I003076,2026-08-27 15:55:41,C0118,L1-00297,P031,View
I003077,2026-08-27 15:58:26,C0118,L1-00297,P015,View
I003078,2026-08-27 15:59:22,C0118,L1-00297,P013,View
I003079,2026-08-27 15:59:38,C0118,L1-00297,P015,Add_to_Cart
I003080,2026-08-27 15:59:53,C0118,L1-00297,P013,Add_to_Cart
I003081,2026-08-27 16:02:22,C0118,L1-00297,P021,View
I003082,2026-08-27 16:02:49,C0118,L1-00297,P032,View
I003083,2026-08-27 16:03:19,C0118,L1-00297,P021,Add_to_Cart
I003084,2026-08-27 16:03:39,C0118,L1-00297,P032,Add_to_Cart
I003085,2026-08-27 16:03:50,C0118,L1-00297,P011,View
I003086,2026-08-27 16:06:59,C0051,L1-00132,P022,View
I003087,2026-08-27 16:08:15,C0051,L1-00132,P022,Add_to_Cart
I003088,2026-08-27 16:08:20,C0051,L1-00132,P030,View
I003089,2026-08-27 16:09:00,C0152,L2-00212,P017,View
I003090,2026-08-27 16:09:04,C0051,L1-00132,P030,Add_to_Cart
I003091,2026-08-27 16:10:19,C0152,L2-00212,P017,Add_to_Cart
I003092,2026-08-27 16:11:51,C0051,L1-00132,P014,View
I003093,2026-08-27 16:40:00,C0144,L2-00222,P026,View
I003094,2026-08-27 16:56:00,C0011,L2-00207,P017,View
I003095,2026-08-27 16:59:00,C0136,L2-00210,P017,View
I003096,2026-08-27 17:01:14,C0136,L2-00210,P017,Add_to_Cart
I003097,2026-08-27 17:03:01,C0150,L1-00375,P016,View
I003098,2026-08-27 17:03:30,C0150,L1-00375,P016,Add_to_Cart
I003099,2026-08-27 17:04:05,C0150,L1-00375,P020,View
I003100,2026-08-27 17:07:55,C0150,L1-00375,P013,View
I003101,2026-08-27 17:08:38,C0150,L1-00375,P013,Add_to_Cart
I003102,2026-08-27 17:11:54,C0150,L1-00375,P014,View
I003103,2026-08-27 17:13:03,C0150,L1-00375,P014,Add_to_Cart
I003104,2026-08-27 17:13:08,C0150,L1-00375,P024,View
I003105,2026-08-27 17:18:37,C0184,L1-00449,P033,View
I003106,2026-08-27 17:20:02,C0184,L1-00449,P007,View
I003107,2026-08-27 17:20:38,C0184,L1-00449,P010,View
I003108,2026-08-27 17:23:02,C0184,L1-00449,P033,View
I003109,2026-08-27 17:25:37,C0184,L1-00449,P027,View
I003110,2026-08-27 17:31:39,C0122,L1-00306,P001,View
I003111,2026-08-27 17:32:43,C0122,L1-00306,P001,Add_to_Cart
I003112,2026-08-27 17:34:48,C0122,L1-00306,P013,View
I003113,2026-08-27 17:38:03,C0122,L1-00306,P013,View
I003114,2026-08-27 17:38:53,C0122,L1-00306,P013,Add_to_Cart
I003115,2026-08-27 17:54:00,C0090,L2-00200,P013,View
I003116,2026-08-27 17:55:00,C0090,L2-00200,P013,Add_to_Cart
I003117,2026-08-27 18:09:00,C0036,L2-00204,P013,View
I003118,2026-08-27 18:11:00,C0188,L2-00215,P022,View
I003119,2026-08-27 18:11:23,C0188,L2-00215,P022,Add_to_Cart
I003120,2026-08-27 18:32:00,C0050,L2-00208,P017,View
I003121,2026-08-27 18:32:00,C0093,L2-00214,P022,View
I003122,2026-08-27 18:32:32,C0050,L2-00208,P017,Add_to_Cart
I003123,2026-08-27 18:53:00,C0145,L2-00205,P013,View
I003124,2026-08-27 19:27:00,C0063,L2-00201,P013,View
I003125,2026-08-27 19:30:00,C0128,L2-00220,P026,View
I003126,2026-08-27 19:49:03,C0057,L1-00140,P012,View
I003127,2026-08-27 19:51:21,C0057,L1-00140,P009,View
I003128,2026-08-27 19:51:49,C0057,L1-00140,P004,View
I003129,2026-08-27 19:52:41,C0057,L1-00140,P009,Add_to_Cart
I003130,2026-08-27 21:12:42,C0083,L1-00216,P033,View
I003131,2026-08-27 21:14:04,C0083,L1-00216,P027,View
I003132,2026-08-27 21:15:13,C0083,L1-00216,P014,View
I003133,2026-08-27 22:04:00,C0129,L2-00231,P030,View
I003134,2026-08-27 22:08:00,C0085,L2-00227,P030,View
I003135,2026-08-27 22:09:33,C0085,L2-00227,P030,Add_to_Cart
I003136,2026-08-28 08:25:00,C0123,L2-00251,P030,View
I003137,2026-08-28 08:41:06,C0142,L1-00356,P016,View
I003138,2026-08-28 08:44:04,C0142,L1-00356,P012,View
I003139,2026-08-28 08:47:24,C0142,L1-00356,P031,View
I003140,2026-08-28 08:48:53,C0142,L1-00356,P033,View
I003141,2026-08-28 08:49:45,C0142,L1-00356,P016,View
I003142,2026-08-28 08:50:17,C0142,L1-00356,P033,Add_to_Cart
I003143,2026-08-28 08:52:01,C0142,L1-00356,P010,View
I003144,2026-08-28 08:54:48,C0142,L1-00356,P015,View
I003145,2026-08-28 08:55:36,C0142,L1-00356,P015,Add_to_Cart
I003146,2026-08-28 08:55:47,C0142,L1-00356,P004,View
I003147,2026-08-28 10:01:00,C0118,L2-00236,P017,View
I003148,2026-08-28 10:38:00,C0063,L2-00243,P026,View
I003149,2026-08-28 10:56:00,C0048,L2-00245,P026,View
I003150,2026-08-28 11:19:00,C0063,L2-00253,P030,View
I003151,2026-08-28 13:33:44,C0194,L1-00469,P027,View
I003152,2026-08-28 13:37:34,C0194,L1-00469,P022,View
I003153,2026-08-28 13:40:00,C0190,L2-00234,P013,View
I003154,2026-08-28 13:40:46,C0190,L2-00234,P013,Add_to_Cart
I003155,2026-08-28 13:41:00,C0169,L2-00239,P017,View
I003156,2026-08-28 13:41:20,C0194,L1-00469,P031,View
I003157,2026-08-28 13:41:37,C0194,L1-00469,P031,Add_to_Cart
I003158,2026-08-28 13:43:44,C0194,L1-00469,P020,View
I003159,2026-08-28 13:44:42,C0194,L1-00469,P008,View
I003160,2026-08-28 13:45:02,C0194,L1-00469,P020,Add_to_Cart
I003161,2026-08-28 13:45:10,C0194,L1-00469,P008,Add_to_Cart
I003162,2026-08-28 13:46:23,C0194,L1-00469,P012,View
I003163,2026-08-28 13:47:38,C0194,L1-00469,P012,Add_to_Cart
I003164,2026-08-28 13:47:39,C0194,L1-00469,P024,View
I003165,2026-08-28 13:48:16,C0194,L1-00469,P024,Add_to_Cart
I003166,2026-08-28 13:50:42,C0194,L1-00469,P011,View
I003167,2026-08-28 13:52:05,C0136,L1-00335,P007,View
I003168,2026-08-28 13:53:06,C0136,L1-00335,P021,View
I003169,2026-08-28 13:53:50,C0136,L1-00335,P002,View
I003170,2026-08-28 13:54:55,C0136,L1-00335,P020,View
I003171,2026-08-28 13:56:31,C0136,L1-00335,P020,Add_to_Cart
I003172,2026-08-28 13:57:50,C0136,L1-00335,P036,View
I003173,2026-08-28 14:04:59,C0131,L1-00323,P021,View
I003174,2026-08-28 14:05:34,C0131,L1-00323,P021,Add_to_Cart
I003175,2026-08-28 14:07:17,C0131,L1-00323,P010,View
I003176,2026-08-28 14:07:23,C0085,L1-00219,P021,View
I003177,2026-08-28 14:10:03,C0085,L1-00219,P020,View
I003178,2026-08-28 14:10:07,C0131,L1-00323,P008,View
I003179,2026-08-28 14:11:07,C0085,L1-00219,P021,View
I003180,2026-08-28 14:17:00,C0102,L2-00246,P026,View
I003181,2026-08-28 14:33:52,C0124,L1-00313,P002,View
I003182,2026-08-28 14:36:59,C0124,L1-00313,P015,View
I003183,2026-08-28 14:38:50,C0124,L1-00313,P015,View
I003184,2026-08-28 14:41:45,C0124,L1-00313,P011,View
I003185,2026-08-28 14:45:16,C0124,L1-00313,P004,View
I003186,2026-08-28 14:53:00,C0045,L2-00240,P022,View
I003187,2026-08-28 15:17:48,C0173,L1-00428,P012,View
I003188,2026-08-28 15:20:12,C0173,L1-00428,P011,View
I003189,2026-08-28 15:21:18,C0173,L1-00428,P011,Add_to_Cart
I003190,2026-08-28 15:23:36,C0173,L1-00428,P034,View
I003191,2026-08-28 15:26:58,C0173,L1-00428,P030,View
I003192,2026-08-28 15:29:02,C0173,L1-00428,P025,View
I003193,2026-08-28 15:46:00,C0173,L2-00252,P030,View
I003194,2026-08-28 15:46:49,C0173,L2-00252,P030,Add_to_Cart
I003195,2026-08-28 15:52:46,C0065,L1-00168,P030,View
I003196,2026-08-28 15:55:36,C0065,L1-00168,P015,View
I003197,2026-08-28 15:56:55,C0065,L1-00168,P015,Add_to_Cart
I003198,2026-08-28 15:59:05,C0065,L1-00168,P021,View
I003199,2026-08-28 15:59:52,C0065,L1-00168,P021,Add_to_Cart
I003200,2026-08-28 16:00:35,C0070,L1-00182,P014,View
I003201,2026-08-28 16:01:39,C0070,L1-00182,P018,View
I003202,2026-08-28 16:02:00,C0065,L2-00235,P017,View
I003203,2026-08-28 16:02:38,C0065,L1-00168,P007,View
I003204,2026-08-28 16:03:20,C0065,L2-00235,P017,Add_to_Cart
I003205,2026-08-28 16:04:19,C0065,L1-00168,P007,Add_to_Cart
I003206,2026-08-28 16:05:21,C0065,L1-00168,P005,View
I003207,2026-08-28 16:05:34,C0070,L1-00182,P034,View
I003208,2026-08-28 16:06:45,C0070,L1-00182,P034,Add_to_Cart
I003209,2026-08-28 16:07:07,C0070,L1-00182,P013,View
I003210,2026-08-28 16:07:39,C0065,L1-00168,P013,View
I003211,2026-08-28 16:08:49,C0065,L1-00168,P030,View
I003212,2026-08-28 16:08:56,C0070,L1-00182,P013,Add_to_Cart
I003213,2026-08-28 16:10:55,C0065,L1-00168,P032,View
I003214,2026-08-28 16:11:25,C0065,L1-00168,P032,Add_to_Cart
I003215,2026-08-28 16:15:00,C0054,L2-00244,P026,View
I003216,2026-08-28 16:25:00,C0086,L2-00237,P017,View
I003217,2026-08-28 16:25:17,C0086,L2-00237,P017,Add_to_Cart
I003218,2026-08-28 16:33:00,C0086,L2-00247,P026,View
I003219,2026-08-28 16:33:59,C0086,L2-00247,P026,Add_to_Cart
I003220,2026-08-28 16:35:00,C0046,L2-00242,P022,View
I003221,2026-08-28 16:51:26,C0151,L1-00378,P028,View
I003222,2026-08-28 16:53:40,C0151,L1-00378,P023,View
I003223,2026-08-28 16:57:34,C0151,L1-00378,P006,View
I003224,2026-08-28 17:14:00,C0182,L2-00249,P030,View
I003225,2026-08-28 17:27:00,C0167,L2-00248,P026,View
I003226,2026-08-28 17:29:09,C0167,L2-00248,P026,Add_to_Cart
I003227,2026-08-28 17:42:33,C0118,L1-00295,P004,View
I003228,2026-08-28 17:43:13,C0118,L1-00295,P007,View
I003229,2026-08-28 17:43:48,C0118,L1-00295,P004,Add_to_Cart
I003230,2026-08-28 17:44:14,C0118,L1-00295,P007,Add_to_Cart
I003231,2026-08-28 17:46:27,C0029,L1-00063,P014,View
I003232,2026-08-28 17:46:34,C0118,L1-00295,P020,View
I003233,2026-08-28 17:46:52,C0029,L1-00063,P014,Add_to_Cart
I003234,2026-08-28 17:48:01,C0029,L1-00063,P027,View
I003235,2026-08-28 17:48:55,C0029,L1-00063,P018,View
I003236,2026-08-28 17:49:32,C0118,L1-00295,P028,View
I003237,2026-08-28 17:50:59,C0118,L1-00295,P005,View
I003238,2026-08-28 17:52:47,C0118,L1-00295,P017,View
I003239,2026-08-28 17:54:13,C0118,L1-00295,P017,Add_to_Cart
I003240,2026-08-28 18:03:00,C0187,L2-00250,P030,View
I003241,2026-08-28 18:04:17,C0187,L2-00250,P030,Add_to_Cart
I003242,2026-08-28 18:12:00,C0087,L2-00238,P017,View
I003243,2026-08-28 18:13:57,C0087,L2-00238,P017,Add_to_Cart
I003244,2026-08-28 23:21:00,C0027,L2-00241,P022,View
I003245,2026-08-29 08:38:00,C0083,L2-00271,P022,View
I003246,2026-08-29 08:40:20,C0184,L1-00452,P004,View
I003247,2026-08-29 08:41:28,C0184,L1-00452,P032,View
I003248,2026-08-29 08:41:36,C0184,L1-00452,P004,Add_to_Cart
I003249,2026-08-29 08:42:37,C0184,L1-00452,P023,View
I003250,2026-08-29 08:42:51,C0184,L1-00452,P032,Add_to_Cart
I003251,2026-08-29 08:45:50,C0184,L1-00452,P024,View
I003252,2026-08-29 08:46:17,C0184,L1-00452,P024,Add_to_Cart
I003253,2026-08-29 08:48:42,C0184,L1-00452,P026,View
I003254,2026-08-29 08:58:00,C0183,L2-00258,P013,View
I003255,2026-08-29 08:59:30,C0183,L2-00258,P013,Add_to_Cart
I003256,2026-08-29 09:11:57,C0030,L1-00065,P006,View
I003257,2026-08-29 09:13:01,C0030,L1-00065,P026,View
I003258,2026-08-29 09:13:09,C0030,L1-00065,P006,Add_to_Cart
I003259,2026-08-29 09:13:29,C0030,L1-00065,P026,View
I003260,2026-08-29 09:28:00,C0049,L2-00282,P030,View
I003261,2026-08-29 09:58:00,C0099,L2-00269,P017,View
I003262,2026-08-29 09:58:51,C0099,L2-00269,P017,Add_to_Cart
I003263,2026-08-29 10:15:26,C0036,L1-00079,P002,View
I003264,2026-08-29 10:15:52,C0036,L1-00079,P007,View
I003265,2026-08-29 10:17:00,C0154,L2-00277,P026,View
I003266,2026-08-29 10:17:03,C0036,L1-00079,P002,Add_to_Cart
I003267,2026-08-29 10:19:13,C0036,L1-00079,P005,View
I003268,2026-08-29 10:19:33,C0036,L1-00079,P010,View
I003269,2026-08-29 10:20:55,C0036,L1-00079,P025,View
I003270,2026-08-29 10:22:35,C0036,L1-00079,P025,Add_to_Cart
I003271,2026-08-29 10:23:25,C0036,L1-00079,P011,View
I003272,2026-08-29 10:48:00,C0148,L2-00256,P013,View
I003273,2026-08-29 10:51:30,C0142,L1-00358,P003,View
I003274,2026-08-29 10:52:29,C0142,L1-00358,P003,Add_to_Cart
I003275,2026-08-29 10:53:45,C0142,L1-00358,P008,View
I003276,2026-08-29 10:55:08,C0142,L1-00358,P011,View
I003277,2026-08-29 10:55:40,C0142,L1-00358,P011,Add_to_Cart
I003278,2026-08-29 10:57:25,C0142,L1-00358,P022,View
I003279,2026-08-29 10:58:44,C0142,L1-00358,P031,View
I003280,2026-08-29 10:59:57,C0142,L1-00358,P014,View
I003281,2026-08-29 11:59:15,C0139,L1-00342,P007,View
I003282,2026-08-29 11:59:50,C0139,L1-00342,P007,Add_to_Cart
I003283,2026-08-29 12:01:50,C0139,L1-00342,P026,View
I003284,2026-08-29 12:02:18,C0139,L1-00342,P024,View
I003285,2026-08-29 13:31:00,C0180,L2-00254,P013,View
I003286,2026-08-29 13:33:00,C0015,L2-00272,P022,View
I003287,2026-08-29 13:36:58,C0075,L1-00196,P017,View
I003288,2026-08-29 13:37:18,C0075,L1-00196,P003,View
I003289,2026-08-29 13:37:19,C0075,L1-00196,P017,Add_to_Cart
I003290,2026-08-29 13:37:43,C0075,L1-00196,P009,View
I003291,2026-08-29 13:37:44,C0075,L1-00196,P003,Add_to_Cart
I003292,2026-08-29 13:41:35,C0075,L1-00196,P008,View
I003293,2026-08-29 13:42:00,C0075,L1-00196,P018,View
I003294,2026-08-29 13:44:43,C0075,L1-00196,P002,View
I003295,2026-08-29 13:46:15,C0075,L1-00196,P002,Add_to_Cart
I003296,2026-08-29 14:09:00,C0121,L2-00260,P013,View
I003297,2026-08-29 14:19:00,C0024,L2-00265,P017,View
I003298,2026-08-29 14:21:24,C0024,L2-00265,P017,Add_to_Cart
I003299,2026-08-29 14:26:46,C0017,L1-00039,P016,View
I003300,2026-08-29 14:29:22,C0017,L1-00039,P010,View
I003301,2026-08-29 14:31:32,C0017,L1-00039,P010,View
I003302,2026-08-29 14:33:42,C0017,L1-00039,P002,View
I003303,2026-08-29 14:34:18,C0017,L1-00039,P002,Add_to_Cart
I003304,2026-08-29 14:36:04,C0017,L1-00039,P036,View
I003305,2026-08-29 14:39:42,C0016,L1-00036,P013,View
I003306,2026-08-29 14:40:00,C0016,L1-00036,P013,Add_to_Cart
I003307,2026-08-29 14:41:37,C0016,L1-00036,P012,View
I003308,2026-08-29 14:42:09,C0016,L1-00036,P033,View
I003309,2026-08-29 14:42:41,C0016,L1-00036,P012,Add_to_Cart
I003310,2026-08-29 14:42:54,C0016,L1-00036,P017,View
I003311,2026-08-29 14:44:50,C0016,L1-00036,P017,Add_to_Cart
I003312,2026-08-29 14:45:40,C0016,L1-00036,P020,View
I003313,2026-08-29 14:46:42,C0016,L1-00036,P020,Add_to_Cart
I003314,2026-08-29 14:48:24,C0016,L1-00036,P001,View
I003315,2026-08-29 14:50:17,C0016,L1-00036,P001,Add_to_Cart
I003316,2026-08-29 15:01:00,C0071,L2-00266,P017,View
I003317,2026-08-29 15:03:16,C0071,L2-00266,P017,Add_to_Cart
I003318,2026-08-29 15:13:00,C0098,L2-00273,P022,View
I003319,2026-08-29 15:13:40,C0014,L1-00029,P009,View
I003320,2026-08-29 15:14:34,C0014,L1-00029,P030,View
I003321,2026-08-29 15:15:55,C0014,L1-00029,P030,Add_to_Cart
I003322,2026-08-29 15:16:00,C0181,L2-00278,P026,View
I003323,2026-08-29 15:16:08,C0014,L1-00029,P026,View
I003324,2026-08-29 15:18:12,C0181,L2-00278,P026,Add_to_Cart
I003325,2026-08-29 15:33:00,C0091,L2-00274,P026,View
I003326,2026-08-29 15:47:00,C0080,L2-00263,P017,View
I003327,2026-08-29 16:00:28,C0165,L1-00410,P004,View
I003328,2026-08-29 16:02:17,C0165,L1-00410,P004,Add_to_Cart
I003329,2026-08-29 16:02:58,C0165,L1-00410,P018,View
I003330,2026-08-29 16:04:01,C0159,L1-00391,P011,View
I003331,2026-08-29 16:04:40,C0165,L1-00410,P018,Add_to_Cart
I003332,2026-08-29 16:04:50,C0159,L1-00391,P011,Add_to_Cart
I003333,2026-08-29 16:06:13,C0165,L1-00410,P014,View
I003334,2026-08-29 16:07:00,C0049,L2-00270,P017,View
I003335,2026-08-29 16:07:59,C0049,L2-00270,P017,Add_to_Cart
I003336,2026-08-29 16:08:00,C0159,L1-00391,P015,View
I003337,2026-08-29 16:10:23,C0159,L1-00391,P004,View
I003338,2026-08-29 16:11:02,C0159,L1-00391,P004,Add_to_Cart
I003339,2026-08-29 16:12:56,C0159,L1-00391,P015,View
I003340,2026-08-29 16:14:00,C0107,L2-00268,P017,View
I003341,2026-08-29 16:14:04,C0159,L1-00391,P015,Add_to_Cart
I003342,2026-08-29 16:16:35,C0159,L1-00391,P025,View
I003343,2026-08-29 16:19:03,C0159,L1-00391,P010,View
I003344,2026-08-29 16:57:00,C0004,L2-00267,P017,View
I003345,2026-08-29 17:19:28,C0161,L1-00397,P033,View
I003346,2026-08-29 17:22:25,C0148,L1-00372,P007,View
I003347,2026-08-29 17:23:00,C0183,L2-00255,P013,View
I003348,2026-08-29 17:23:16,C0161,L1-00397,P006,View
I003349,2026-08-29 17:23:38,C0148,L1-00372,P007,Add_to_Cart
I003350,2026-08-29 17:24:47,C0183,L2-00255,P013,Add_to_Cart
I003351,2026-08-29 17:25:02,C0148,L1-00372,P025,View
I003352,2026-08-29 17:25:42,C0148,L1-00372,P015,View
I003353,2026-08-29 17:26:26,C0148,L1-00372,P025,Add_to_Cart
I003354,2026-08-29 17:26:53,C0161,L1-00397,P015,View
I003355,2026-08-29 17:27:25,C0161,L1-00397,P026,View
I003356,2026-08-29 17:29:22,C0161,L1-00397,P025,View
I003357,2026-08-29 17:29:53,C0130,L1-00320,P020,View
I003358,2026-08-29 17:31:08,C0161,L1-00397,P025,Add_to_Cart
I003359,2026-08-29 17:31:26,C0130,L1-00320,P012,View
I003360,2026-08-29 17:33:04,C0130,L1-00320,P034,View
I003361,2026-08-29 17:33:20,C0130,L1-00320,P012,Add_to_Cart
I003362,2026-08-29 17:33:49,C0130,L1-00320,P030,View
I003363,2026-08-29 17:34:22,C0130,L1-00320,P034,Add_to_Cart
I003364,2026-08-29 17:34:41,C0130,L1-00320,P030,Add_to_Cart
I003365,2026-08-29 17:37:00,C0198,L2-00261,P017,View
I003366,2026-08-29 17:38:50,C0198,L2-00261,P017,Add_to_Cart
I003367,2026-08-29 17:51:26,C0049,L1-00122,P013,View
I003368,2026-08-29 17:53:20,C0049,L1-00122,P017,View
I003369,2026-08-29 17:54:52,C0049,L1-00122,P017,Add_to_Cart
I003370,2026-08-29 17:56:59,C0049,L1-00122,P015,View
I003371,2026-08-29 17:58:20,C0049,L1-00122,P015,Add_to_Cart
I003372,2026-08-29 17:59:11,C0049,L1-00122,P012,View
I003373,2026-08-29 18:00:39,C0049,L1-00122,P012,Add_to_Cart
I003374,2026-08-29 18:07:00,C0124,L2-00259,P013,View
I003375,2026-08-29 18:51:00,C0067,L2-00264,P017,View
I003376,2026-08-29 18:52:00,C0018,L2-00262,P017,View
I003377,2026-08-29 18:53:12,C0018,L2-00262,P017,Add_to_Cart
I003378,2026-08-29 18:54:00,C0061,L2-00257,P013,View
I003379,2026-08-29 19:13:45,C0111,L1-00278,P008,View
I003380,2026-08-29 19:14:59,C0111,L1-00278,P025,View
I003381,2026-08-29 19:15:06,C0111,L1-00278,P008,Add_to_Cart
I003382,2026-08-29 19:15:26,C0111,L1-00278,P025,Add_to_Cart
I003383,2026-08-29 19:18:31,C0111,L1-00278,P004,View
I003384,2026-08-29 19:22:29,C0111,L1-00278,P004,View
I003385,2026-08-29 19:22:55,C0111,L1-00278,P004,Add_to_Cart
I003386,2026-08-29 19:24:29,C0111,L1-00278,P033,View
I003387,2026-08-29 19:26:19,C0111,L1-00278,P034,View
I003388,2026-08-29 19:26:57,C0111,L1-00278,P032,View
I003389,2026-08-29 19:37:00,C0157,L2-00275,P026,View
I003390,2026-08-29 20:03:00,C0070,L2-00279,P026,View
I003391,2026-08-29 20:05:55,C0185,L1-00453,P031,View
I003392,2026-08-29 20:08:17,C0185,L1-00453,P010,View
I003393,2026-08-29 20:08:54,C0185,L1-00453,P010,Add_to_Cart
I003394,2026-08-29 20:09:36,C0185,L1-00453,P011,View
I003395,2026-08-29 20:12:33,C0185,L1-00453,P011,View
I003396,2026-08-29 20:15:02,C0185,L1-00453,P009,View
I003397,2026-08-29 20:19:01,C0185,L1-00453,P019,View
I003398,2026-08-29 20:26:00,C0169,L2-00281,P026,View
I003399,2026-08-29 21:18:25,C0046,L1-00110,P005,View
I003400,2026-08-29 21:21:33,C0046,L1-00110,P004,View
I003401,2026-08-29 21:22:19,C0046,L1-00110,P014,View
I003402,2026-08-29 21:22:44,C0046,L1-00110,P031,View
I003403,2026-08-29 21:23:05,C0046,L1-00110,P014,Add_to_Cart
I003404,2026-08-29 21:23:45,C0046,L1-00110,P031,Add_to_Cart
I003405,2026-08-29 21:25:03,C0046,L1-00110,P026,View
I003406,2026-08-29 21:26:01,C0046,L1-00110,P026,Add_to_Cart
I003407,2026-08-29 21:26:25,C0046,L1-00110,P013,View
I003408,2026-08-29 21:28:23,C0046,L1-00110,P013,Add_to_Cart
I003409,2026-08-29 21:48:00,C0044,L2-00276,P026,View
I003410,2026-08-29 23:43:00,C0034,L2-00280,P026,View
I003411,2026-08-29 23:43:21,C0034,L2-00280,P026,Add_to_Cart
I003412,2026-08-30 08:00:00,C0027,L2-00300,P026,View
I003413,2026-08-30 08:10:37,C0171,L1-00421,P020,View
I003414,2026-08-30 08:12:06,C0171,L1-00421,P020,Add_to_Cart
I003415,2026-08-30 08:12:47,C0171,L1-00421,P017,View
I003416,2026-08-30 08:13:26,C0171,L1-00421,P012,View
I003417,2026-08-30 08:14:43,C0171,L1-00421,P012,Add_to_Cart
I003418,2026-08-30 08:15:00,C0012,L2-00286,P013,View
I003419,2026-08-30 08:16:09,C0171,L1-00421,P015,View
I003420,2026-08-30 08:19:30,C0171,L1-00421,P013,View
I003421,2026-08-30 08:22:28,C0171,L1-00421,P031,View
I003422,2026-08-30 08:24:07,C0171,L1-00421,P031,Add_to_Cart
I003423,2026-08-30 09:42:00,C0032,L2-00295,P017,View
I003424,2026-08-30 10:23:00,C0074,L2-00306,P030,View
I003425,2026-08-30 10:58:00,C0132,L2-00304,P030,View
I003426,2026-08-30 10:58:48,C0048,L1-00114,P021,View
I003427,2026-08-30 11:00:35,C0048,L1-00114,P013,View
I003428,2026-08-30 11:02:20,C0048,L1-00114,P013,Add_to_Cart
I003429,2026-08-30 11:04:32,C0048,L1-00114,P019,View
I003430,2026-08-30 11:04:49,C0048,L1-00114,P019,Add_to_Cart
I003431,2026-08-30 11:07:55,C0048,L1-00114,P030,View
I003432,2026-08-30 11:11:00,C0118,L1-00298,P021,View
I003433,2026-08-30 11:11:47,C0048,L1-00114,P018,View
I003434,2026-08-30 11:12:59,C0048,L1-00114,P018,Add_to_Cart
I003435,2026-08-30 11:14:05,C0118,L1-00298,P034,View
I003436,2026-08-30 11:14:23,C0048,L1-00114,P012,View
I003437,2026-08-30 11:14:32,C0118,L1-00298,P026,View
I003438,2026-08-30 11:16:13,C0048,L1-00114,P012,Add_to_Cart
I003439,2026-08-30 11:16:40,C0118,L1-00298,P011,View
I003440,2026-08-30 11:20:06,C0118,L1-00298,P001,View
I003441,2026-08-30 12:11:45,C0015,L1-00032,P034,View
I003442,2026-08-30 12:12:13,C0015,L1-00032,P010,View
I003443,2026-08-30 12:13:34,C0015,L1-00032,P034,Add_to_Cart
I003444,2026-08-30 12:14:00,C0015,L1-00032,P031,View
I003445,2026-08-30 12:15:18,C0015,L1-00032,P031,View
I003446,2026-08-30 12:18:14,C0015,L1-00032,P035,View
I003447,2026-08-30 12:18:41,C0015,L1-00032,P035,Add_to_Cart
I003448,2026-08-30 12:28:00,C0052,L2-00292,P017,View
I003449,2026-08-30 12:33:00,C0092,L2-00283,P013,View
I003450,2026-08-30 13:12:00,C0060,L2-00305,P030,View
I003451,2026-08-30 13:23:00,C0007,L2-00296,P017,View
I003452,2026-08-30 13:24:08,C0007,L2-00296,P017,Add_to_Cart
I003453,2026-08-30 13:38:43,C0124,L1-00312,P028,View
I003454,2026-08-30 13:40:00,C0117,L2-00289,P013,View
I003455,2026-08-30 13:40:23,C0124,L1-00312,P017,View
I003456,2026-08-30 13:40:55,C0124,L1-00312,P017,Add_to_Cart
I003457,2026-08-30 13:42:05,C0117,L2-00289,P013,Add_to_Cart
I003458,2026-08-30 13:43:50,C0124,L1-00312,P002,View
I003459,2026-08-30 13:44:11,C0124,L1-00312,P003,View
I003460,2026-08-30 13:56:47,C0143,L1-00363,P006,View
I003461,2026-08-30 13:57:54,C0143,L1-00363,P006,Add_to_Cart
I003462,2026-08-30 14:00:41,C0143,L1-00363,P010,View
I003463,2026-08-30 14:02:35,C0143,L1-00363,P007,View
I003464,2026-08-30 14:06:08,C0143,L1-00363,P015,View
I003465,2026-08-30 14:09:26,C0143,L1-00363,P020,View
I003466,2026-08-30 14:15:00,C0152,L2-00294,P017,View
I003467,2026-08-30 14:16:00,C0086,L2-00291,P013,View
I003468,2026-08-30 14:16:14,C0152,L2-00294,P017,Add_to_Cart
I003469,2026-08-30 14:29:00,C0007,L2-00299,P026,View
I003470,2026-08-30 14:41:00,C0178,L2-00297,P022,View
I003471,2026-08-30 14:59:00,C0128,L2-00301,P026,View
I003472,2026-08-30 15:00:17,C0128,L2-00301,P026,Add_to_Cart
I003473,2026-08-30 15:03:17,C0146,L1-00368,P031,View
I003474,2026-08-30 15:03:38,C0146,L1-00368,P028,View
I003475,2026-08-30 15:05:11,C0146,L1-00368,P028,Add_to_Cart
I003476,2026-08-30 15:07:12,C0146,L1-00368,P007,View
I003477,2026-08-30 15:09:27,C0146,L1-00368,P026,View
I003478,2026-08-30 15:11:47,C0146,L1-00368,P022,View
I003479,2026-08-30 15:22:00,C0176,L2-00285,P013,View
I003480,2026-08-30 15:35:00,C0093,L2-00302,P026,View
I003481,2026-08-30 16:26:00,C0016,L2-00284,P013,View
I003482,2026-08-30 16:27:03,C0016,L2-00284,P013,Add_to_Cart
I003483,2026-08-30 16:49:00,C0045,L2-00287,P013,View
I003484,2026-08-30 16:49:06,C0058,L1-00142,P012,View
I003485,2026-08-30 16:49:33,C0058,L1-00142,P012,Add_to_Cart
I003486,2026-08-30 16:51:35,C0058,L1-00142,P007,View
I003487,2026-08-30 16:52:37,C0058,L1-00142,P007,View
I003488,2026-08-30 16:52:59,C0058,L1-00142,P007,Add_to_Cart
I003489,2026-08-30 16:56:34,C0058,L1-00142,P031,View
I003490,2026-08-30 16:56:55,C0058,L1-00142,P015,View
I003491,2026-08-30 16:57:45,C0058,L1-00142,P015,Add_to_Cart
I003492,2026-08-30 16:58:37,C0058,L1-00142,P026,View
I003493,2026-08-30 17:00:40,C0195,L1-00474,P034,View
I003494,2026-08-30 17:01:26,C0195,L1-00474,P034,Add_to_Cart
I003495,2026-08-30 17:03:18,C0195,L1-00474,P004,View
I003496,2026-08-30 17:03:51,C0195,L1-00474,P004,Add_to_Cart
I003497,2026-08-30 17:06:00,C0195,L1-00474,P014,View
I003498,2026-08-30 17:07:35,C0195,L1-00474,P014,Add_to_Cart
I003499,2026-08-30 17:09:05,C0195,L1-00474,P015,View
I003500,2026-08-30 17:09:30,C0195,L1-00474,P015,Add_to_Cart
I003501,2026-08-30 17:12:27,C0195,L1-00474,P030,View
I003502,2026-08-30 17:13:28,C0195,L1-00474,P030,Add_to_Cart
I003503,2026-08-30 17:36:00,C0136,L2-00307,P030,View
I003504,2026-08-30 17:47:30,C0089,L1-00228,P025,View
I003505,2026-08-30 17:48:00,C0114,L2-00293,P017,View
I003506,2026-08-30 17:49:39,C0089,L1-00228,P033,View
I003507,2026-08-30 17:49:59,C0073,L1-00191,P010,View
I003508,2026-08-30 17:50:27,C0089,L1-00228,P033,Add_to_Cart
I003509,2026-08-30 17:51:25,C0073,L1-00191,P031,View
I003510,2026-08-30 17:52:02,C0073,L1-00191,P019,View
I003511,2026-08-30 17:52:11,C0073,L1-00191,P031,Add_to_Cart
I003512,2026-08-30 17:53:03,C0073,L1-00191,P025,View
I003513,2026-08-30 17:53:22,C0089,L1-00228,P021,View
I003514,2026-08-30 17:53:48,C0073,L1-00191,P009,View
I003515,2026-08-30 17:56:16,C0073,L1-00191,P007,View
I003516,2026-08-30 17:56:32,C0073,L1-00191,P007,Add_to_Cart
I003517,2026-08-30 17:57:12,C0067,L1-00177,P006,View
I003518,2026-08-30 18:00:41,C0067,L1-00177,P023,View
I003519,2026-08-30 18:02:00,C0067,L1-00177,P014,View
I003520,2026-08-30 18:02:37,C0067,L1-00177,P014,Add_to_Cart
I003521,2026-08-30 18:17:00,C0184,L2-00290,P013,View
I003522,2026-08-30 18:45:00,C0194,L2-00288,P013,View
I003523,2026-08-30 18:46:17,C0194,L2-00288,P013,Add_to_Cart
I003524,2026-08-30 19:27:11,C0002,L1-00004,P035,View
I003525,2026-08-30 19:28:06,C0002,L1-00004,P031,View
I003526,2026-08-30 19:30:39,C0002,L1-00004,P026,View
I003527,2026-08-30 19:32:20,C0002,L1-00004,P028,View
I003528,2026-08-30 19:33:42,C0002,L1-00004,P028,Add_to_Cart
I003529,2026-08-30 19:34:19,C0002,L1-00004,P030,View
I003530,2026-08-30 19:34:35,C0002,L1-00004,P030,Add_to_Cart
I003531,2026-08-30 19:35:14,C0002,L1-00004,P020,View
I003532,2026-08-30 19:35:52,C0002,L1-00004,P020,Add_to_Cart
I003533,2026-08-30 20:17:41,C0110,L1-00270,P015,View
I003534,2026-08-30 20:18:47,C0110,L1-00270,P015,Add_to_Cart
I003535,2026-08-30 20:19:13,C0110,L1-00270,P007,View
I003536,2026-08-30 20:19:45,C0110,L1-00270,P007,Add_to_Cart
I003537,2026-08-30 20:21:50,C0110,L1-00270,P020,View
I003538,2026-08-30 20:23:16,C0110,L1-00270,P009,View
I003539,2026-08-30 20:23:55,C0110,L1-00270,P009,Add_to_Cart
I003540,2026-08-30 21:12:00,C0153,L2-00303,P026,View
I003541,2026-08-30 22:24:00,C0060,L2-00298,P022,View
I003542,2026-08-30 22:25:04,C0131,L1-00324,P005,View
I003543,2026-08-30 22:26:23,C0131,L1-00324,P005,Add_to_Cart
I003544,2026-08-30 22:28:41,C0131,L1-00324,P009,View
I003545,2026-08-30 22:31:25,C0131,L1-00324,P011,View
I003546,2026-08-31 08:16:56,C0050,L1-00129,P006,View
I003547,2026-08-31 08:18:32,C0050,L1-00129,P006,Add_to_Cart
I003548,2026-08-31 08:19:05,C0050,L1-00129,P036,View
I003549,2026-08-31 08:19:48,C0050,L1-00129,P034,View
I003550,2026-08-31 08:21:35,C0050,L1-00129,P034,Add_to_Cart
I003551,2026-08-31 08:22:55,C0050,L1-00129,P005,View
I003552,2026-08-31 08:24:07,C0050,L1-00129,P005,Add_to_Cart
I003553,2026-08-31 08:26:29,C0050,L1-00129,P021,View
I003554,2026-08-31 10:07:10,C0198,L1-00481,P028,View
I003555,2026-08-31 10:07:42,C0198,L1-00481,P013,View
I003556,2026-08-31 10:08:37,C0198,L1-00481,P021,View
I003557,2026-08-31 10:41:00,C0189,L2-00314,P017,View
I003558,2026-08-31 10:50:00,C0058,L2-00309,P013,View
I003559,2026-08-31 12:24:00,C0152,L2-00323,P030,View
I003560,2026-08-31 12:25:51,C0152,L2-00323,P030,Add_to_Cart
I003561,2026-08-31 12:49:00,C0082,L2-00311,P013,View
I003562,2026-08-31 12:58:00,C0120,L2-00313,P017,View
I003563,2026-08-31 12:58:37,C0120,L2-00313,P017,Add_to_Cart
I003564,2026-08-31 13:02:00,C0198,L2-00318,P026,View
I003565,2026-08-31 13:15:00,C0008,L2-00312,P013,View
I003566,2026-08-31 13:17:07,C0050,L1-00125,P013,View
I003567,2026-08-31 13:20:00,C0172,L2-00321,P030,View
I003568,2026-08-31 13:20:33,C0050,L1-00125,P027,View
I003569,2026-08-31 13:21:34,C0050,L1-00125,P031,View
I003570,2026-08-31 13:24:52,C0050,L1-00125,P007,View
I003571,2026-08-31 13:25:21,C0050,L1-00125,P032,View
I003572,2026-08-31 13:27:16,C0050,L1-00125,P031,View
I003573,2026-08-31 13:28:52,C0050,L1-00125,P031,Add_to_Cart
I003574,2026-08-31 13:46:28,C0049,L1-00117,P013,View
I003575,2026-08-31 13:47:42,C0049,L1-00117,P026,View
I003576,2026-08-31 13:47:47,C0049,L1-00117,P013,Add_to_Cart
I003577,2026-08-31 13:48:20,C0049,L1-00117,P026,Add_to_Cart
I003578,2026-08-31 13:48:41,C0049,L1-00117,P020,View
I003579,2026-08-31 13:49:00,C0047,L2-00322,P030,View
I003580,2026-08-31 13:49:30,C0047,L2-00322,P030,Add_to_Cart
I003581,2026-08-31 13:51:40,C0049,L1-00117,P030,View
I003582,2026-08-31 13:54:04,C0049,L1-00117,P018,View
I003583,2026-08-31 13:54:56,C0049,L1-00117,P018,Add_to_Cart
I003584,2026-08-31 14:53:07,C0165,L1-00409,P010,View
I003585,2026-08-31 14:54:06,C0165,L1-00409,P010,Add_to_Cart
I003586,2026-08-31 14:54:08,C0165,L1-00409,P013,View
I003587,2026-08-31 14:58:05,C0165,L1-00409,P011,View
I003588,2026-08-31 14:58:29,C0165,L1-00409,P011,Add_to_Cart
I003589,2026-08-31 15:41:00,C0187,L2-00308,P013,View
I003590,2026-08-31 15:43:00,C0017,L2-00319,P030,View
I003591,2026-08-31 15:47:56,C0047,L1-00113,P005,View
I003592,2026-08-31 15:51:27,C0047,L1-00113,P032,View
I003593,2026-08-31 15:52:26,C0061,L1-00154,P015,View
I003594,2026-08-31 15:53:27,C0047,L1-00113,P029,View
I003595,2026-08-31 15:54:56,C0061,L1-00154,P033,View
I003596,2026-08-31 15:57:42,C0061,L1-00154,P003,View
I003597,2026-08-31 15:58:34,C0061,L1-00154,P003,Add_to_Cart
I003598,2026-08-31 15:59:39,C0171,L1-00422,P011,View
I003599,2026-08-31 16:01:08,C0171,L1-00422,P011,Add_to_Cart
I003600,2026-08-31 16:01:21,C0061,L1-00154,P024,View
I003601,2026-08-31 16:03:23,C0171,L1-00422,P028,View
I003602,2026-08-31 16:03:49,C0171,L1-00422,P001,View
I003603,2026-08-31 16:04:29,C0171,L1-00422,P020,View
I003604,2026-08-31 16:04:32,C0171,L1-00422,P001,Add_to_Cart
I003605,2026-08-31 16:06:53,C0171,L1-00422,P017,View
I003606,2026-08-31 16:09:16,C0171,L1-00422,P017,View
I003607,2026-08-31 17:32:00,C0083,L2-00315,P017,View
I003608,2026-08-31 17:33:55,C0083,L2-00315,P017,Add_to_Cart
I003609,2026-08-31 17:39:50,C0041,L1-00091,P015,View
I003610,2026-08-31 17:41:51,C0041,L1-00091,P024,View
I003611,2026-08-31 17:43:36,C0041,L1-00091,P024,Add_to_Cart
I003612,2026-08-31 17:45:12,C0041,L1-00091,P035,View
I003613,2026-08-31 17:45:59,C0041,L1-00091,P034,View
I003614,2026-08-31 17:46:56,C0041,L1-00091,P001,View
I003615,2026-08-31 17:47:00,C0041,L1-00091,P035,Add_to_Cart
I003616,2026-08-31 18:36:00,C0165,L2-00320,P030,View
I003617,2026-08-31 18:37:31,C0165,L2-00320,P030,Add_to_Cart
I003618,2026-08-31 18:44:00,C0131,L2-00317,P026,View
I003619,2026-08-31 18:44:22,C0132,L1-00326,P011,View
I003620,2026-08-31 18:44:53,C0132,L1-00326,P011,Add_to_Cart
I003621,2026-08-31 18:47:11,C0132,L1-00326,P018,View
I003622,2026-08-31 18:48:21,C0132,L1-00326,P033,View
I003623,2026-08-31 18:50:07,C0132,L1-00326,P033,Add_to_Cart
I003624,2026-08-31 18:51:46,C0196,L1-00478,P026,View
I003625,2026-08-31 18:53:28,C0111,L1-00275,P009,View
I003626,2026-08-31 18:53:40,C0196,L1-00478,P026,Add_to_Cart
I003627,2026-08-31 18:54:27,C0111,L1-00275,P013,View
I003628,2026-08-31 18:54:30,C0196,L1-00478,P035,View
I003629,2026-08-31 18:55:48,C0196,L1-00478,P033,View
I003630,2026-08-31 18:57:16,C0196,L1-00478,P033,Add_to_Cart
I003631,2026-08-31 18:57:35,C0111,L1-00275,P033,View
I003632,2026-08-31 18:58:02,C0196,L1-00478,P015,View
I003633,2026-08-31 19:00:53,C0111,L1-00275,P007,View
I003634,2026-08-31 19:01:27,C0111,L1-00275,P011,View
I003635,2026-08-31 19:01:46,C0196,L1-00478,P022,View
I003636,2026-08-31 19:03:06,C0196,L1-00478,P002,View
I003637,2026-08-31 19:04:51,C0196,L1-00478,P002,Add_to_Cart
I003638,2026-08-31 19:29:00,C0165,L2-00310,P013,View
I003639,2026-08-31 19:29:52,C0165,L2-00310,P013,Add_to_Cart
I003640,2026-08-31 20:18:00,C0137,L2-00316,P026,View
I003641,2026-08-31 22:59:12,C0065,L1-00169,P011,View
I003642,2026-08-31 23:03:07,C0065,L1-00169,P023,View
I003643,2026-08-31 23:06:04,C0065,L1-00169,P034,View
I003644,2026-08-31 23:06:36,C0065,L1-00169,P034,Add_to_Cart
I003645,2026-08-31 23:06:48,C0065,L1-00169,P024,View
I003646,2026-08-31 23:10:37,C0065,L1-00169,P026,View
I003647,2026-08-31 23:12:31,C0065,L1-00169,P026,Add_to_Cart
I003648,2026-08-31 23:13:24,C0065,L1-00169,P009,View
I003649,2026-08-31 23:14:52,C0065,L1-00169,P009,Add_to_Cart
I003650,2026-08-31 23:15:00,C0003,L1-00006,P019,View
I003651,2026-08-31 23:15:36,C0003,L1-00006,P026,View
I003652,2026-08-31 23:18:34,C0003,L1-00006,P001,View
I003653,2026-08-31 23:19:02,C0003,L1-00006,P001,Add_to_Cart
